document_id,title,text,source,crop,country,origin,source_url,license
1,Drought and erratic rainfall: the risk to crops,"Drought and erratic rainfall and its impact on farming. Late, short or broken rains cause poor germination, wilting at flowering, and sharp yield loss, especially on sandy low-organic soils.",FAO,(general),Kenya,synthetic,,synthetic (CC0)
2,Adapting to drought and erratic rainfall (Guinea savanna),"Adapting to drought and erratic rainfall in the Guinea savanna, with one long rainy season and moderately fertile soils. Grow early-maturing drought-tolerant varieties, mulch to conserve moisture, harvest rainwater into basins/zai pits, plant on the first reliable rains, and space to match the season. In the Guinea savanna, time operations to the single rains, top-dress at the onset of steady rainfall, and use the long season for a full-duration variety.",IITA,(general),Tanzania,synthetic,,synthetic (CC0)
3,Adapting to drought and erratic rainfall (Highlands),"Adapting to drought and erratic rainfall in the cool highlands, where heavy dew and mild temperatures favour foliar fungal diseases. Grow early-maturing drought-tolerant varieties, mulch to conserve moisture, harvest rainwater into basins/zai pits, plant on the first reliable rains, and space to match the season. In the highlands, the long dewy nights drive foliar disease, so prioritise resistant varieties, wider spacing for airflow, and early scouting.",ICRISAT,(general),Nigeria,synthetic,,synthetic (CC0)
4,Adapting to drought and erratic rainfall (Humid forest),"Adapting to drought and erratic rainfall in the humid forest zone, where heavy rainfall leaches and acidifies soils and fungal pressure is high. Grow early-maturing drought-tolerant varieties, mulch to conserve moisture, harvest rainwater into basins/zai pits, plant on the first reliable rains, and space to match the season. In the humid forest, correct soil acidity with lime, watch for rapid fungal spread under the canopy, and improve drainage on the heavy leached soils.",FAO,(general),Mali,synthetic,,synthetic (CC0)
5,Adapting to drought and erratic rainfall (Sahel),"Adapting to drought and erratic rainfall in the hot semi-arid Sahel, where rains are short and erratic and sandy soils leach nutrients quickly. Grow early-maturing drought-tolerant varieties, mulch to conserve moisture, harvest rainwater into basins/zai pits, plant on the first reliable rains, and space to match the season. Because sandy Sahelian soils leach fast, split applications finely, micro-dose into the planting hole, and conserve every drop of moisture with mulch and tied ridges.",FAO,(general),Tanzania,synthetic,,synthetic (CC0)
6,Flooding and excess rain: the risk to crops,"Flooding and excess rain and its impact on farming. Heavy downpours waterlog roots, wash away seed and fertiliser, and spread water-borne disease, drowning crops on flat ground.",National Extension Service,(general),Mali,synthetic,,synthetic (CC0)
7,Adapting to flooding and excess rain (Guinea savanna),"Adapting to flooding and excess rain in the Guinea savanna, with one long rainy season and moderately fertile soils. Plant on ridges or raised beds, open drainage channels, choose flood-tolerant varieties, and stagger planting to spread risk. In the Guinea savanna, time operations to the single rains, top-dress at the onset of steady rainfall, and use the long season for a full-duration variety.",FAO,(general),Tanzania,synthetic,,synthetic (CC0)
8,Adapting to flooding and excess rain (Highlands),"Adapting to flooding and excess rain in the cool highlands, where heavy dew and mild temperatures favour foliar fungal diseases. Plant on ridges or raised beds, open drainage channels, choose flood-tolerant varieties, and stagger planting to spread risk. In the highlands, the long dewy nights drive foliar disease, so prioritise resistant varieties, wider spacing for airflow, and early scouting.",AGRA,(general),Ghana,synthetic,,synthetic (CC0)
9,Adapting to flooding and excess rain (Humid forest),"Adapting to flooding and excess rain in the humid forest zone, where heavy rainfall leaches and acidifies soils and fungal pressure is high. Plant on ridges or raised beds, open drainage channels, choose flood-tolerant varieties, and stagger planting to spread risk. In the humid forest, correct soil acidity with lime, watch for rapid fungal spread under the canopy, and improve drainage on the heavy leached soils.",FAO,(general),Nigeria,synthetic,,synthetic (CC0)
10,Adapting to flooding and excess rain (Sahel),"Adapting to flooding and excess rain in the hot semi-arid Sahel, where rains are short and erratic and sandy soils leach nutrients quickly. Plant on ridges or raised beds, open drainage channels, choose flood-tolerant varieties, and stagger planting to spread risk. Because sandy Sahelian soils leach fast, split applications finely, micro-dose into the planting hole, and conserve every drop of moisture with mulch and tied ridges.",FAO,(general),Tanzania,synthetic,,synthetic (CC0)
11,Heat stress: the risk to crops,"Heat stress and its impact on farming. Spells above critical temperatures at flowering cause pollen sterility, flower and fruit drop, and shrivelled grain.",CGIAR,(general),Ghana,synthetic,,synthetic (CC0)
12,Adapting to heat stress (Guinea savanna),"Adapting to heat stress in the Guinea savanna, with one long rainy season and moderately fertile soils. Shift planting so flowering avoids the hottest period, use heat-tolerant varieties, provide shade/mulch, and keep soil moisture steady through flowering. In the Guinea savanna, time operations to the single rains, top-dress at the onset of steady rainfall, and use the long season for a full-duration variety.",FAO,(general),Tanzania,synthetic,,synthetic (CC0)
13,Adapting to heat stress (Highlands),"Adapting to heat stress in the cool highlands, where heavy dew and mild temperatures favour foliar fungal diseases. Shift planting so flowering avoids the hottest period, use heat-tolerant varieties, provide shade/mulch, and keep soil moisture steady through flowering. In the highlands, the long dewy nights drive foliar disease, so prioritise resistant varieties, wider spacing for airflow, and early scouting.",Plantwise,(general),Mali,synthetic,,synthetic (CC0)
14,Adapting to heat stress (Humid forest),"Adapting to heat stress in the humid forest zone, where heavy rainfall leaches and acidifies soils and fungal pressure is high. Shift planting so flowering avoids the hottest period, use heat-tolerant varieties, provide shade/mulch, and keep soil moisture steady through flowering. In the humid forest, correct soil acidity with lime, watch for rapid fungal spread under the canopy, and improve drainage on the heavy leached soils.",Plantwise,(general),Mali,synthetic,,synthetic (CC0)
15,Adapting to heat stress (Sahel),"Adapting to heat stress in the hot semi-arid Sahel, where rains are short and erratic and sandy soils leach nutrients quickly. Shift planting so flowering avoids the hottest period, use heat-tolerant varieties, provide shade/mulch, and keep soil moisture steady through flowering. Because sandy Sahelian soils leach fast, split applications finely, micro-dose into the planting hole, and conserve every drop of moisture with mulch and tied ridges.",National Extension Service,(general),Tanzania,synthetic,,synthetic (CC0)
16,Shifting seasons: the risk to crops,Shifting seasons and its impact on farming. Changing onset and length of the rainy season makes traditional planting calendars unreliable and raises the risk of a failed crop.,Plantwise,(general),Mali,synthetic,,synthetic (CC0)
17,Adapting to shifting seasons (Guinea savanna),"Adapting to shifting seasons in the Guinea savanna, with one long rainy season and moderately fertile soils. Use seasonal forecasts and short-duration varieties, stagger planting dates, diversify crops, and keep flexible contingency seed. In the Guinea savanna, time operations to the single rains, top-dress at the onset of steady rainfall, and use the long season for a full-duration variety.",ICRISAT,(general),Tanzania,synthetic,,synthetic (CC0)
18,Adapting to shifting seasons (Highlands),"Adapting to shifting seasons in the cool highlands, where heavy dew and mild temperatures favour foliar fungal diseases. Use seasonal forecasts and short-duration varieties, stagger planting dates, diversify crops, and keep flexible contingency seed. In the highlands, the long dewy nights drive foliar disease, so prioritise resistant varieties, wider spacing for airflow, and early scouting.",Plantwise,(general),Ghana,synthetic,,synthetic (CC0)
19,Adapting to shifting seasons (Humid forest),"Adapting to shifting seasons in the humid forest zone, where heavy rainfall leaches and acidifies soils and fungal pressure is high. Use seasonal forecasts and short-duration varieties, stagger planting dates, diversify crops, and keep flexible contingency seed. In the humid forest, correct soil acidity with lime, watch for rapid fungal spread under the canopy, and improve drainage on the heavy leached soils.",National Extension Service,(general),Kenya,synthetic,,synthetic (CC0)
20,Adapting to shifting seasons (Sahel),"Adapting to shifting seasons in the hot semi-arid Sahel, where rains are short and erratic and sandy soils leach nutrients quickly. Use seasonal forecasts and short-duration varieties, stagger planting dates, diversify crops, and keep flexible contingency seed. Because sandy Sahelian soils leach fast, split applications finely, micro-dose into the planting hole, and conserve every drop of moisture with mulch and tied ridges.",National Extension Service,(general),Kenya,synthetic,,synthetic (CC0)
21,Adapting Sorghum to Climate Change,"Sorghum is a climate-resilient crop cultivated as a staple food in semi-arid regions of Africa and Asia, crucial for food and nutrition security. However, climate change is increasingly impacting sorghum, particularly at the flowering stage when water availability is vital for grain filling, leading to reduced yields. Developing climate-resilient, biotic and abiotic stress-tolerant, market-preferred, and nutrient-dense sorghum varieties is a promising strategy for adaptation. Key technologies for sorghum improvement include mass selection, single seed descent, pure line selection, and marker-assisted selection, enhanced by backcrossing and molecular marker genotyping. Recent advancements such as machine learning algorithms, gene editing, genomic selection, and high-throughput phenotyping tools have improved the precision and speed of crop variety development. Additionally, enhancing genetic diversity to incorporate traits for heat and drought resilience into sorghum breeding pools is essential for future adaptability.",CGIAR,Sorghum,Nigeria,llm_grounded,https://hdl.handle.net/10568/169953,CC-BY-4.0
22,Adapting Sorghum Cultivation to Climate Change,"Sorghum and millet are vital for food security and economic resilience in semi-arid regions, but climate change poses significant challenges to their productivity. To address these challenges, various agronomic adaptation strategies have been introduced. These include conservation tillage, adjusted planting schedules, drought-tolerant crop varieties, and efficient irrigation methods. While many studies have shown the effectiveness of these strategies in reducing climate-related yield losses in staple cereals like maize, rice, and wheat, there is limited research on their benefits for semi-arid crops such as sorghum and millet. This systematic review aims to quantify and synthesize the effects of these adaptation practices on sorghum yields under changing climatic conditions. The insights gained from this synthesis will help identify the most suitable practices for different regions and crop types, ultimately supporting sustainable agricultural management, enhancing future food security, and promoting economic development.",CGIAR,Sorghum,Nigeria,llm_grounded,https://hdl.handle.net/10568/174520,CC-BY-4.0
23,Drought Tolerance in Sorghum Landraces,"Water is crucial for plant growth, and drought significantly impacts crop yields. Sorghum, known for its drought tolerance, was evaluated in a study involving 239 global landraces under simulated drought conditions using polyethylene glycol (PEG) in 2020 and 2024. The study measured drought tolerance through the seedling tolerance coefficient (STC). Results indicated that while more accessions produced more roots under 10% PEG, at 20% PEG, longer roots were more prevalent, showcasing adaptability to drought stress. However, shoot growth was adversely affected across all accessions in both years. A genome-wide association study (GWAS) identified 22 loci related to growth and STC traits, with 19 linked to STC of shoot weight. Notably, 11 loci were found to overlap with previously identified drought-related quantitative trait loci (QTLs). Additionally, 19 candidate genes were identified, with five showing specific expression in roots, highlighting their potential role in enhancing drought tolerance in sorghum.",CGIAR,Sorghum,Ethiopia,llm_grounded,https://hdl.handle.net/10568/179232,CC-BY-4.0
24,Enhancing Drought Tolerance in Sorghum,"Sorghum (Sorghum bicolor) serves as a vital food staple for millions in Sub-Saharan Africa and Asia, particularly in arid and semi-arid regions. While sorghum is known for its drought tolerance, severe drought stress can lead to significant crop loss and reduced productivity. To address this challenge, the development of high-yielding and drought-adapted genotypes is essential for sustainable sorghum production. A study evaluated 225 African sorghum genotypes under various drought stress conditions, including non-stressed, pre-anthesis drought stress, and post-anthesis drought stress. The analysis identified genotypes such as G09 and G109 as best suited for non-stressed environments, while G114 and G56 performed well under both stressed and non-stressed conditions. Additionally, G72 and G75 excelled specifically in pre-anthesis drought stress. This research highlights the importance of selecting and breeding drought-adapted sorghum genotypes to enhance resilience and ensure food security in drought-prone areas.",CGIAR,Sorghum,Mali,llm_grounded,https://hdl.handle.net/10568/132652,CC-BY-4.0
25,Enhancing Drought Tolerance in Sorghum,"Sorghum is a vital cereal crop known for its resilience in arid and semiarid environments. However, drought stress poses a significant challenge to its productivity, necessitating the enhancement of drought tolerance traits. One important trait is transpiration efficiency (TE), which indicates a plant's ability to utilize water efficiently. A study involving 182 Ethiopian sorghum accessions revealed substantial genetic variation in TE and related traits, with Durra races showing the highest TE levels. Intermediate races exhibited moderate TE, while several other races demonstrated the lowest efficiency. Strong correlations were established between TE and traits such as total shoot fresh weight, total shoot dry weight, and leaf number. Principal component analysis highlighted key traits influencing TE, while cluster analysis categorized accessions into four distinct groups, with the highest TE found in Cluster IV. These findings underscore the potential of TE in breeding water-efficient sorghum varieties, providing valuable genetic resources for improving drought tolerance in this essential crop.",CGIAR,Sorghum,Ethiopia,llm_grounded,https://hdl.handle.net/10568/176908,CC-BY-4.0
26,Improving Sorghum Germination through Hydro-Priming in Mali,"Agriculture in Mali is highly vulnerable to climate change, particularly due to its reliance on rainfall and low adaptive capacity. Early-season droughts can severely limit crop germination and growth, affecting yields in rain-fed agriculture. A promising technique to enhance the germination and establishment of sorghum, a staple crop, is hydro-priming. This method involves soaking seeds in various water sources, such as well and river water, for different durations. Research conducted in 2014 and 2015 demonstrated that hydro-priming significantly improved several germination metrics, including final germination percentage and seedling development, with well and river water yielding the highest germination rates at 85%. Hydro-priming not only enhances germination rate and uniformity but also contributes to better seedling vigor. Implementing hydro-priming in crop fields could be an effective strategy for managing the impacts of early-season drought on sorghum production in Mali.",CGIAR,Sorghum,Sudan,llm_grounded,https://hdl.handle.net/10568/113135,CC-BY-4.0
27,Opportunities and Constraints in Sorghum Production in Nigeria,"Sorghum (Sorghum bicolor [L.] Moench) plays a vital role in food security and industrial demands in sub-Saharan Africa, particularly in Nigeria. Despite its importance, the production and productivity of sorghum in Nigeria remain underdeveloped. A participatory rural appraisal (PRA) study involving 250 farmers across three sorghum-growing zones in northern Nigeria highlighted key socio-economic factors. Most sorghum farmers are male (80%), predominantly aged 21-45 years (75.7%), with a household size of fewer than five members (52.3%). The most commonly cultivated varieties are low-yielding landraces such as Kaura (37.4%) and Fara-fara (29.3%), favored for their grain quality. Farmers prioritize traits like high yield, drought tolerance, and Striga resistance. To enhance sorghum production and economic benefits, the study recommends the development of integrated sorghum technologies that align with farmers' preferences, addressing both current opportunities and constraints in the sector.",CGIAR,Sorghum,Sudan,llm_grounded,https://hdl.handle.net/10568/128749,CC-BY-4.0
28,How Angular Leaf Spot spreads in Common bean,"Angular Leaf Spot of common bean, caused by fungus (Pseudocercospora griseola). How it spreads: Seed-borne and residue-borne, spread by wind and rain; favoured by alternating wet and dry spells.",IITA,Common bean,Kenya,synthetic,,synthetic (CC0)
29,Symptoms of Angular Leaf Spot in Common bean,"Angular Leaf Spot of common bean, caused by fungus (Pseudocercospora griseola). Symptoms to look for: Angular grey-brown spots bounded by the leaf veins, premature leaf drop and spotting on pods that lowers yield and seed quality.",CGIAR,Common bean,Kenya,synthetic,,synthetic (CC0)
30,Managing Angular Leaf Spot in Common bean (Guinea savanna),"Angular Leaf Spot of common bean, caused by fungus (Pseudocercospora griseola). Managing an outbreak in the Guinea savanna, with one long rainy season and moderately fertile soils: Use resistant varieties and clean seed, rotate, and apply fungicide where pressure is high. In the Guinea savanna, time operations to the single rains, top-dress at the onset of steady rainfall, and use the long season for a full-duration variety.",ICRISAT,Common bean,Ethiopia,synthetic,,synthetic (CC0)
31,Preventing Angular Leaf Spot in Common bean (Guinea savanna),"Angular Leaf Spot of common bean, caused by fungus (Pseudocercospora griseola). Preventing it in the Guinea savanna, with one long rainy season and moderately fertile soils: Rotate away from beans, bury residue, and start with certified seed. In the Guinea savanna, time operations to the single rains, top-dress at the onset of steady rainfall, and use the long season for a full-duration variety.",Plantwise,Common bean,Rwanda,synthetic,,synthetic (CC0)
32,Managing Angular Leaf Spot in Common bean (Highlands),"Angular Leaf Spot of common bean, caused by fungus (Pseudocercospora griseola). Managing an outbreak in the cool highlands, where heavy dew and mild temperatures favour foliar fungal diseases: Use resistant varieties and clean seed, rotate, and apply fungicide where pressure is high. In the highlands, the long dewy nights drive foliar disease, so prioritise resistant varieties, wider spacing for airflow, and early scouting.",ICRISAT,Common bean,Uganda,synthetic,,synthetic (CC0)
33,Preventing Angular Leaf Spot in Common bean (Highlands),"Angular Leaf Spot of common bean, caused by fungus (Pseudocercospora griseola). Preventing it in the cool highlands, where heavy dew and mild temperatures favour foliar fungal diseases: Rotate away from beans, bury residue, and start with certified seed. In the highlands, the long dewy nights drive foliar disease, so prioritise resistant varieties, wider spacing for airflow, and early scouting.",Plantwise,Common bean,Uganda,synthetic,,synthetic (CC0)
34,How Bacterial Leaf Blight spreads in Rice,"Bacterial Leaf Blight of rice, caused by bacterium (Xanthomonas oryzae pv. oryzae). How it spreads: Enters through wounds and water; spread by irrigation water, rain and wind, worst with high nitrogen and flooding.",IITA,Rice,Tanzania,synthetic,,synthetic (CC0)
35,Symptoms of Bacterial Leaf Blight in Rice,"Bacterial Leaf Blight of rice, caused by bacterium (Xanthomonas oryzae pv. oryzae). Symptoms to look for: Water-soaked stripes from the leaf tips and margins that turn yellow then straw-coloured and dry; seedlings can wilt completely (kresek).",AGRA,Rice,Nigeria,synthetic,,synthetic (CC0)
36,Managing Bacterial Leaf Blight in Rice (Guinea savanna),"Bacterial Leaf Blight of rice, caused by bacterium (Xanthomonas oryzae pv. oryzae). Managing an outbreak in the Guinea savanna, with one long rainy season and moderately fertile soils: Plant resistant varieties, balance nitrogen, drain fields periodically, and use clean seed. In the Guinea savanna, time operations to the single rains, top-dress at the onset of steady rainfall, and use the long season for a full-duration variety.",CGIAR,Rice,Senegal,synthetic,,synthetic (CC0)
37,Preventing Bacterial Leaf Blight in Rice (Guinea savanna),"Bacterial Leaf Blight of rice, caused by bacterium (Xanthomonas oryzae pv. oryzae). Preventing it in the Guinea savanna, with one long rainy season and moderately fertile soils: Use resistant varieties and certified seed, and avoid excessive nitrogen and standing water. In the Guinea savanna, time operations to the single rains, top-dress at the onset of steady rainfall, and use the long season for a full-duration variety.",Plantwise,Rice,Madagascar,synthetic,,synthetic (CC0)
38,Managing Bacterial Leaf Blight in Rice (Humid forest),"Bacterial Leaf Blight of rice, caused by bacterium (Xanthomonas oryzae pv. oryzae). Managing an outbreak in the humid forest zone, where heavy rainfall leaches and acidifies soils and fungal pressure is high: Plant resistant varieties, balance nitrogen, drain fields periodically, and use clean seed. In the humid forest, correct soil acidity with lime, watch for rapid fungal spread under the canopy, and improve drainage on the heavy leached soils.",Plantwise,Rice,Senegal,synthetic,,synthetic (CC0)
39,Preventing Bacterial Leaf Blight in Rice (Humid forest),"Bacterial Leaf Blight of rice, caused by bacterium (Xanthomonas oryzae pv. oryzae). Preventing it in the humid forest zone, where heavy rainfall leaches and acidifies soils and fungal pressure is high: Use resistant varieties and certified seed, and avoid excessive nitrogen and standing water. In the humid forest, correct soil acidity with lime, watch for rapid fungal spread under the canopy, and improve drainage on the heavy leached soils.",FAO,Rice,Mali,synthetic,,synthetic (CC0)
40,Managing Bacterial Leaf Blight in Rice (Irrigated lowland),"Bacterial Leaf Blight of rice, caused by bacterium (Xanthomonas oryzae pv. oryzae). Managing an outbreak in irrigated lowlands, where standing water and continuous cropping raise disease and salinity risk: Plant resistant varieties, balance nitrogen, drain fields periodically, and use clean seed. Under irrigation, manage water carefully: intermittent draining cuts disease and salinity, and avoid the excess nitrogen that standing water encourages.",National Extension Service,Rice,Mali,synthetic,,synthetic (CC0)
41,Preventing Bacterial Leaf Blight in Rice (Irrigated lowland),"Bacterial Leaf Blight of rice, caused by bacterium (Xanthomonas oryzae pv. oryzae). Preventing it in irrigated lowlands, where standing water and continuous cropping raise disease and salinity risk: Use resistant varieties and certified seed, and avoid excessive nitrogen and standing water. Under irrigation, manage water carefully: intermittent draining cuts disease and salinity, and avoid the excess nitrogen that standing water encourages.",AGRA,Rice,Mali,synthetic,,synthetic (CC0)
42,Management of Banana Xanthomonas Wilt,"Banana is a crucial staple food for over 100 million Africans, yet it faces significant productivity challenges due to various pests and diseases. One of the most severe threats is Banana Xanthomonas wilt, caused by the bacterium Xanthomonas campestris pv. musacearum, which can completely devastate banana plantations. Additionally, nematodes can lead to losses of up to 50% and heighten the crop's vulnerability to other pests and diseases. To combat these issues, the development of improved banana varieties is essential. Traditional breeding methods are hindered by the sterile nature of bananas and the lack of resistance in Musa germplasm, making progress slow or unfeasible. However, advancements in genetic engineering are showing promise. Transgenic bananas that express sweet pepper Hrap and Pflp genes have exhibited complete resistance to X. campestris pv. musacearum in field trials. Similarly, transgenic plantains with cysteine proteinase inhibitors and synthetic peptides have shown improved resistance to nematodes. These innovations represent a significant step towards enhancing agricultural resilience and food security in Africa.",CGIAR,(general),Tanzania,llm_grounded,https://hdl.handle.net/10568/83062,CC-BY-4.0
43,How Bean Anthracnose spreads in Common bean,"Bean Anthracnose of common bean, caused by fungus (Colletotrichum lindemuthianum). How it spreads: Seed-borne and spread by rain splash; cool wet weather drives outbreaks.",IITA,Common bean,Kenya,synthetic,,synthetic (CC0)
44,Symptoms of Bean Anthracnose in Common bean,"Bean Anthracnose of common bean, caused by fungus (Colletotrichum lindemuthianum). Symptoms to look for: Dark sunken cankers on pods and stems and angular brick-red to black lesions on the leaf veins beneath; seed becomes discoloured.",Plantwise,Common bean,Kenya,synthetic,,synthetic (CC0)
45,Managing Bean Anthracnose in Common bean (Guinea savanna),"Bean Anthracnose of common bean, caused by fungus (Colletotrichum lindemuthianum). Managing an outbreak in the Guinea savanna, with one long rainy season and moderately fertile soils: Plant certified disease-free seed, use resistant varieties, and apply fungicide in wet seasons. In the Guinea savanna, time operations to the single rains, top-dress at the onset of steady rainfall, and use the long season for a full-duration variety.",ICRISAT,Common bean,Uganda,synthetic,,synthetic (CC0)
46,Preventing Bean Anthracnose in Common bean (Guinea savanna),"Bean Anthracnose of common bean, caused by fungus (Colletotrichum lindemuthianum). Preventing it in the Guinea savanna, with one long rainy season and moderately fertile soils: Use clean certified seed, rotate, and avoid working in the crop when foliage is wet. In the Guinea savanna, time operations to the single rains, top-dress at the onset of steady rainfall, and use the long season for a full-duration variety.",FAO,Common bean,Tanzania,synthetic,,synthetic (CC0)
47,Managing Bean Anthracnose in Common bean (Highlands),"Bean Anthracnose of common bean, caused by fungus (Colletotrichum lindemuthianum). Managing an outbreak in the cool highlands, where heavy dew and mild temperatures favour foliar fungal diseases: Plant certified disease-free seed, use resistant varieties, and apply fungicide in wet seasons. In the highlands, the long dewy nights drive foliar disease, so prioritise resistant varieties, wider spacing for airflow, and early scouting.",National Extension Service,Common bean,Ethiopia,synthetic,,synthetic (CC0)
48,Preventing Bean Anthracnose in Common bean (Highlands),"Bean Anthracnose of common bean, caused by fungus (Colletotrichum lindemuthianum). Preventing it in the cool highlands, where heavy dew and mild temperatures favour foliar fungal diseases: Use clean certified seed, rotate, and avoid working in the crop when foliage is wet. In the highlands, the long dewy nights drive foliar disease, so prioritise resistant varieties, wider spacing for airflow, and early scouting.",Plantwise,Common bean,Uganda,synthetic,,synthetic (CC0)
49,How Black Pod Disease spreads in Cocoa,"Black Pod Disease of cocoa, caused by oomycete (Phytophthora spp.). How it spreads: Spores spread by rain splash, ants and contact in wet humid weather; infected pods are the main reservoir.",CGIAR,Cocoa,Nigeria,synthetic,,synthetic (CC0)
50,Symptoms of Black Pod Disease in Cocoa,"Black Pod Disease of cocoa, caused by oomycete (Phytophthora spp.). Symptoms to look for: Hard dark-brown to black spreading lesions on pods that rot the beans inside; cushions and stems can also be cankered.",National Extension Service,Cocoa,Côte d'Ivoire,synthetic,,synthetic (CC0)
51,Managing Black Pod Disease in Cocoa (Humid forest),"Black Pod Disease of cocoa, caused by oomycete (Phytophthora spp.). Managing an outbreak in the humid forest zone, where heavy rainfall leaches and acidifies soils and fungal pressure is high: Remove and bury infected pods weekly, prune and weed for airflow, and apply copper fungicide in the wet season. In the humid forest, correct soil acidity with lime, watch for rapid fungal spread under the canopy, and improve drainage on the heavy leached soils.",FAO,Cocoa,Nigeria,synthetic,,synthetic (CC0)
52,Preventing Black Pod Disease in Cocoa (Humid forest),"Black Pod Disease of cocoa, caused by oomycete (Phytophthora spp.). Preventing it in the humid forest zone, where heavy rainfall leaches and acidifies soils and fungal pressure is high: Sanitise diseased pods regularly, prune for ventilation, and maintain shade and drainage to cut humidity. In the humid forest, correct soil acidity with lime, watch for rapid fungal spread under the canopy, and improve drainage on the heavy leached soils.",CGIAR,Cocoa,Côte d'Ivoire,synthetic,,synthetic (CC0)
53,How Black Sigatoka spreads in Plantain,"Black Sigatoka of plantain, caused by fungus (Pseudocercospora fijiensis). How it spreads: Spores spread by wind and rain; dense, humid, poorly drained stands are worst affected.",IITA,Plantain,DR Congo,synthetic,,synthetic (CC0)
54,Symptoms of Black Sigatoka in Plantain,"Black Sigatoka of plantain, caused by fungus (Pseudocercospora fijiensis). Symptoms to look for: Reddish-brown streaks on leaves that enlarge into black spots with yellow haloes, killing the foliage early and causing premature, uneven fruit ripening.",IITA,Plantain,Cameroon,synthetic,,synthetic (CC0)
55,Managing Black Sigatoka in Plantain (Highlands),"Black Sigatoka of plantain, caused by fungus (Pseudocercospora fijiensis). Managing an outbreak in the cool highlands, where heavy dew and mild temperatures favour foliar fungal diseases: Remove and destroy affected leaves, improve drainage and spacing, and apply fungicide on commercial stands. In the highlands, the long dewy nights drive foliar disease, so prioritise resistant varieties, wider spacing for airflow, and early scouting.",AGRA,Plantain,Cameroon,synthetic,,synthetic (CC0)
56,Preventing Black Sigatoka in Plantain (Highlands),"Black Sigatoka of plantain, caused by fungus (Pseudocercospora fijiensis). Preventing it in the cool highlands, where heavy dew and mild temperatures favour foliar fungal diseases: De-leaf infected material, space and drain plantations, and use tolerant cultivars. In the highlands, the long dewy nights drive foliar disease, so prioritise resistant varieties, wider spacing for airflow, and early scouting.",CGIAR,Plantain,Uganda,synthetic,,synthetic (CC0)
57,Managing Black Sigatoka in Plantain (Humid forest),"Black Sigatoka of plantain, caused by fungus (Pseudocercospora fijiensis). Managing an outbreak in the humid forest zone, where heavy rainfall leaches and acidifies soils and fungal pressure is high: Remove and destroy affected leaves, improve drainage and spacing, and apply fungicide on commercial stands. In the humid forest, correct soil acidity with lime, watch for rapid fungal spread under the canopy, and improve drainage on the heavy leached soils.",FAO,Plantain,Cameroon,synthetic,,synthetic (CC0)
58,Preventing Black Sigatoka in Plantain (Humid forest),"Black Sigatoka of plantain, caused by fungus (Pseudocercospora fijiensis). Preventing it in the humid forest zone, where heavy rainfall leaches and acidifies soils and fungal pressure is high: De-leaf infected material, space and drain plantations, and use tolerant cultivars. In the humid forest, correct soil acidity with lime, watch for rapid fungal spread under the canopy, and improve drainage on the heavy leached soils.",CGIAR,Plantain,Uganda,synthetic,,synthetic (CC0)
59,Management Strategies for Rice Blast in Nepal,"Blast, caused by Pyricularia oryzae, is a significant threat to rice production in Nepal, leading to yield losses of 10-30%. The Himalayan foothills are hotspots for the diversity of the blast fungus, resulting in the emergence of new pathotypes that can overcome resistance in popular rice varieties. In 2022, a neck blast epidemic affected 5,000 hectares of the Hardinath-1 variety, causing nearly total yield loss. Changing climate conditions, particularly during the panicle initiation stage, have made the environment more conducive to neck blast development. To address this issue, integrated management strategies are essential. These include developing durable blast-resistant and climate-resilient rice varieties through molecular markers and genomic tools, forecasting disease emergence, and utilizing modern fungicides and biological control methods. Additionally, adjusting planting times, managing weeds, and optimizing agronomic practices are crucial for effective management of rice blast in Nepal.",CGIAR,Rice,Senegal,llm_grounded,https://hdl.handle.net/10568/176617,CC-BY-4.0
60,How Cassava Bacterial Blight spreads in Cassava,"Cassava Bacterial Blight of cassava, caused by bacterium (Xanthomonas axonopodis pv. manihotis). How it spreads: Spread by rain splash, infected cuttings and tools; worst in the wet season.",CGIAR,Cassava,Uganda,synthetic,,synthetic (CC0)
61,Symptoms of Cassava Bacterial Blight in Cassava,"Cassava Bacterial Blight of cassava, caused by bacterium (Xanthomonas axonopodis pv. manihotis). Symptoms to look for: Angular water-soaked leaf spots, blighting and wilting of leaves, gum exudate on stems and die-back of the growing tips.",Plantwise,Cassava,DR Congo,synthetic,,synthetic (CC0)
62,Managing Cassava Bacterial Blight in Cassava (Guinea savanna),"Cassava Bacterial Blight of cassava, caused by bacterium (Xanthomonas axonopodis pv. manihotis). Managing an outbreak in the Guinea savanna, with one long rainy season and moderately fertile soils: Use clean resistant cuttings, prune and destroy infected material, and disinfect cutting tools. In the Guinea savanna, time operations to the single rains, top-dress at the onset of steady rainfall, and use the long season for a full-duration variety.",IITA,Cassava,Nigeria,synthetic,,synthetic (CC0)
63,Preventing Cassava Bacterial Blight in Cassava (Guinea savanna),"Cassava Bacterial Blight of cassava, caused by bacterium (Xanthomonas axonopodis pv. manihotis). Preventing it in the Guinea savanna, with one long rainy season and moderately fertile soils: Plant healthy cuttings, rotate, and use a fallow break in heavily infected fields. In the Guinea savanna, time operations to the single rains, top-dress at the onset of steady rainfall, and use the long season for a full-duration variety.",CGIAR,Cassava,Ghana,synthetic,,synthetic (CC0)
64,Managing Cassava Bacterial Blight in Cassava (Humid forest),"Cassava Bacterial Blight of cassava, caused by bacterium (Xanthomonas axonopodis pv. manihotis). Managing an outbreak in the humid forest zone, where heavy rainfall leaches and acidifies soils and fungal pressure is high: Use clean resistant cuttings, prune and destroy infected material, and disinfect cutting tools. In the humid forest, correct soil acidity with lime, watch for rapid fungal spread under the canopy, and improve drainage on the heavy leached soils.",AGRA,Cassava,Uganda,synthetic,,synthetic (CC0)
65,Preventing Cassava Bacterial Blight in Cassava (Humid forest),"Cassava Bacterial Blight of cassava, caused by bacterium (Xanthomonas axonopodis pv. manihotis). Preventing it in the humid forest zone, where heavy rainfall leaches and acidifies soils and fungal pressure is high: Plant healthy cuttings, rotate, and use a fallow break in heavily infected fields. In the humid forest, correct soil acidity with lime, watch for rapid fungal spread under the canopy, and improve drainage on the heavy leached soils.",CGIAR,Cassava,Uganda,synthetic,,synthetic (CC0)
66,Managing Cassava Bacterial Blight in Cassava (Sahel),"Cassava Bacterial Blight of cassava, caused by bacterium (Xanthomonas axonopodis pv. manihotis). Managing an outbreak in the hot semi-arid Sahel, where rains are short and erratic and sandy soils leach nutrients quickly: Use clean resistant cuttings, prune and destroy infected material, and disinfect cutting tools. Because sandy Sahelian soils leach fast, split applications finely, micro-dose into the planting hole, and conserve every drop of moisture with mulch and tied ridges.",FAO,Cassava,DR Congo,synthetic,,synthetic (CC0)
67,Preventing Cassava Bacterial Blight in Cassava (Sahel),"Cassava Bacterial Blight of cassava, caused by bacterium (Xanthomonas axonopodis pv. manihotis). Preventing it in the hot semi-arid Sahel, where rains are short and erratic and sandy soils leach nutrients quickly: Plant healthy cuttings, rotate, and use a fallow break in heavily infected fields. Because sandy Sahelian soils leach fast, split applications finely, micro-dose into the planting hole, and conserve every drop of moisture with mulch and tied ridges.",National Extension Service,Cassava,Tanzania,synthetic,,synthetic (CC0)
68,How Cassava Brown Streak Disease spreads in Cassava,"Cassava Brown Streak Disease of cassava, caused by virus (cassava brown streak viruses, whitefly-transmitted). How it spreads: Carried by whiteflies and by infected cuttings; root damage often shows only at harvest.",FAO,Cassava,Tanzania,synthetic,,synthetic (CC0)
69,Symptoms of Cassava Brown Streak Disease in Cassava,"Cassava Brown Streak Disease of cassava, caused by virus (cassava brown streak viruses, whitefly-transmitted). Symptoms to look for: Yellow blotches between veins, brown streaks on stems, and the diagnostic dry brown corky necrosis inside the storage roots that ruins them for eating.",FAO,Cassava,DR Congo,synthetic,,synthetic (CC0)
70,Managing Cassava Brown Streak Disease in Cassava (Guinea savanna),"Cassava Brown Streak Disease of cassava, caused by virus (cassava brown streak viruses, whitefly-transmitted). Managing an outbreak in the Guinea savanna, with one long rainy season and moderately fertile soils: Use tolerant varieties, source clean cuttings, harvest early to limit root rot, and control whitefly. In the Guinea savanna, time operations to the single rains, top-dress at the onset of steady rainfall, and use the long season for a full-duration variety.",FAO,Cassava,Uganda,synthetic,,synthetic (CC0)
71,Preventing Cassava Brown Streak Disease in Cassava (Guinea savanna),"Cassava Brown Streak Disease of cassava, caused by virus (cassava brown streak viruses, whitefly-transmitted). Preventing it in the Guinea savanna, with one long rainy season and moderately fertile soils: Plant certified clean material, use resistant varieties, and avoid moving cuttings out of affected zones. In the Guinea savanna, time operations to the single rains, top-dress at the onset of steady rainfall, and use the long season for a full-duration variety.",National Extension Service,Cassava,Tanzania,synthetic,,synthetic (CC0)
72,Managing Cassava Brown Streak Disease in Cassava (Humid forest),"Cassava Brown Streak Disease of cassava, caused by virus (cassava brown streak viruses, whitefly-transmitted). Managing an outbreak in the humid forest zone, where heavy rainfall leaches and acidifies soils and fungal pressure is high: Use tolerant varieties, source clean cuttings, harvest early to limit root rot, and control whitefly. In the humid forest, correct soil acidity with lime, watch for rapid fungal spread under the canopy, and improve drainage on the heavy leached soils.",Plantwise,Cassava,Uganda,synthetic,,synthetic (CC0)
73,Preventing Cassava Brown Streak Disease in Cassava (Humid forest),"Cassava Brown Streak Disease of cassava, caused by virus (cassava brown streak viruses, whitefly-transmitted). Preventing it in the humid forest zone, where heavy rainfall leaches and acidifies soils and fungal pressure is high: Plant certified clean material, use resistant varieties, and avoid moving cuttings out of affected zones. In the humid forest, correct soil acidity with lime, watch for rapid fungal spread under the canopy, and improve drainage on the heavy leached soils.",Plantwise,Cassava,Nigeria,synthetic,,synthetic (CC0)
74,Managing Cassava Brown Streak Disease in Cassava (Sahel),"Cassava Brown Streak Disease of cassava, caused by virus (cassava brown streak viruses, whitefly-transmitted). Managing an outbreak in the hot semi-arid Sahel, where rains are short and erratic and sandy soils leach nutrients quickly: Use tolerant varieties, source clean cuttings, harvest early to limit root rot, and control whitefly. Because sandy Sahelian soils leach fast, split applications finely, micro-dose into the planting hole, and conserve every drop of moisture with mulch and tied ridges.",National Extension Service,Cassava,Nigeria,synthetic,,synthetic (CC0)
75,Preventing Cassava Brown Streak Disease in Cassava (Sahel),"Cassava Brown Streak Disease of cassava, caused by virus (cassava brown streak viruses, whitefly-transmitted). Preventing it in the hot semi-arid Sahel, where rains are short and erratic and sandy soils leach nutrients quickly: Plant certified clean material, use resistant varieties, and avoid moving cuttings out of affected zones. Because sandy Sahelian soils leach fast, split applications finely, micro-dose into the planting hole, and conserve every drop of moisture with mulch and tied ridges.",IITA,Cassava,Nigeria,synthetic,,synthetic (CC0)
76,How Cassava Mosaic Disease spreads in Cassava,"Cassava Mosaic Disease of cassava, caused by virus (cassava mosaic begomoviruses, whitefly-transmitted). How it spreads: Spread by whiteflies and, most importantly, by planting infected stem cuttings, which moves the disease farm to farm.",Plantwise,Cassava,Tanzania,synthetic,,synthetic (CC0)
77,Symptoms of Cassava Mosaic Disease in Cassava,"Cassava Mosaic Disease of cassava, caused by virus (cassava mosaic begomoviruses, whitefly-transmitted). Symptoms to look for: Yellow-and-green mosaic and mottling of leaves, leaf distortion and curling, reduced leaf size and badly stunted plants with very small roots.",ICRISAT,Cassava,Nigeria,synthetic,,synthetic (CC0)
78,Managing Cassava Mosaic Disease in Cassava (Guinea savanna),"Cassava Mosaic Disease of cassava, caused by virus (cassava mosaic begomoviruses, whitefly-transmitted). Managing an outbreak in the Guinea savanna, with one long rainy season and moderately fertile soils: Plant virus-free or resistant cuttings, rogue out infected plants, and control whitefly. In the Guinea savanna, time operations to the single rains, top-dress at the onset of steady rainfall, and use the long season for a full-duration variety.",ICRISAT,Cassava,Ghana,synthetic,,synthetic (CC0)
79,Preventing Cassava Mosaic Disease in Cassava (Guinea savanna),"Cassava Mosaic Disease of cassava, caused by virus (cassava mosaic begomoviruses, whitefly-transmitted). Preventing it in the Guinea savanna, with one long rainy season and moderately fertile soils: Use clean planting material from disease-free fields and grow CMD-resistant varieties. In the Guinea savanna, time operations to the single rains, top-dress at the onset of steady rainfall, and use the long season for a full-duration variety.",National Extension Service,Cassava,Nigeria,synthetic,,synthetic (CC0)
80,Managing Cassava Mosaic Disease in Cassava (Humid forest),"Cassava Mosaic Disease of cassava, caused by virus (cassava mosaic begomoviruses, whitefly-transmitted). Managing an outbreak in the humid forest zone, where heavy rainfall leaches and acidifies soils and fungal pressure is high: Plant virus-free or resistant cuttings, rogue out infected plants, and control whitefly. In the humid forest, correct soil acidity with lime, watch for rapid fungal spread under the canopy, and improve drainage on the heavy leached soils.",FAO,Cassava,Nigeria,synthetic,,synthetic (CC0)
81,Preventing Cassava Mosaic Disease in Cassava (Humid forest),"Cassava Mosaic Disease of cassava, caused by virus (cassava mosaic begomoviruses, whitefly-transmitted). Preventing it in the humid forest zone, where heavy rainfall leaches and acidifies soils and fungal pressure is high: Use clean planting material from disease-free fields and grow CMD-resistant varieties. In the humid forest, correct soil acidity with lime, watch for rapid fungal spread under the canopy, and improve drainage on the heavy leached soils.",Plantwise,Cassava,Ghana,synthetic,,synthetic (CC0)
82,Managing Cassava Mosaic Disease in Cassava (Sahel),"Cassava Mosaic Disease of cassava, caused by virus (cassava mosaic begomoviruses, whitefly-transmitted). Managing an outbreak in the hot semi-arid Sahel, where rains are short and erratic and sandy soils leach nutrients quickly: Plant virus-free or resistant cuttings, rogue out infected plants, and control whitefly. Because sandy Sahelian soils leach fast, split applications finely, micro-dose into the planting hole, and conserve every drop of moisture with mulch and tied ridges.",CGIAR,Cassava,DR Congo,synthetic,,synthetic (CC0)
83,Preventing Cassava Mosaic Disease in Cassava (Sahel),"Cassava Mosaic Disease of cassava, caused by virus (cassava mosaic begomoviruses, whitefly-transmitted). Preventing it in the hot semi-arid Sahel, where rains are short and erratic and sandy soils leach nutrients quickly: Use clean planting material from disease-free fields and grow CMD-resistant varieties. Because sandy Sahelian soils leach fast, split applications finely, micro-dose into the planting hole, and conserve every drop of moisture with mulch and tied ridges.",IITA,Cassava,Ghana,synthetic,,synthetic (CC0)
84,How Cowpea Aphid-borne Mosaic spreads in Cowpea,"Cowpea Aphid-borne Mosaic of cowpea, caused by virus (potyvirus, aphid-transmitted). How it spreads: Spread quickly and non-persistently by aphids and through infected seed.",FAO,Cowpea,Mali,synthetic,,synthetic (CC0)
85,Symptoms of Cowpea Aphid-borne Mosaic in Cowpea,"Cowpea Aphid-borne Mosaic of cowpea, caused by virus (potyvirus, aphid-transmitted). Symptoms to look for: Green-and-yellow mosaic, leaf distortion and blistering, stunting and reduced pod set.",AGRA,Cowpea,Ghana,synthetic,,synthetic (CC0)
86,Managing Cowpea Aphid-borne Mosaic in Cowpea (Guinea savanna),"Cowpea Aphid-borne Mosaic of cowpea, caused by virus (potyvirus, aphid-transmitted). Managing an outbreak in the Guinea savanna, with one long rainy season and moderately fertile soils: Use clean resistant seed, control aphids early, and rogue infected plants. In the Guinea savanna, time operations to the single rains, top-dress at the onset of steady rainfall, and use the long season for a full-duration variety.",AGRA,Cowpea,Mali,synthetic,,synthetic (CC0)
87,Preventing Cowpea Aphid-borne Mosaic in Cowpea (Guinea savanna),"Cowpea Aphid-borne Mosaic of cowpea, caused by virus (potyvirus, aphid-transmitted). Preventing it in the Guinea savanna, with one long rainy season and moderately fertile soils: Use certified resistant seed and manage aphids and weed hosts around the field. In the Guinea savanna, time operations to the single rains, top-dress at the onset of steady rainfall, and use the long season for a full-duration variety.",AGRA,Cowpea,Nigeria,synthetic,,synthetic (CC0)
88,Managing Cowpea Aphid-borne Mosaic in Cowpea (Humid forest),"Cowpea Aphid-borne Mosaic of cowpea, caused by virus (potyvirus, aphid-transmitted). Managing an outbreak in the humid forest zone, where heavy rainfall leaches and acidifies soils and fungal pressure is high: Use clean resistant seed, control aphids early, and rogue infected plants. In the humid forest, correct soil acidity with lime, watch for rapid fungal spread under the canopy, and improve drainage on the heavy leached soils.",Plantwise,Cowpea,Ghana,synthetic,,synthetic (CC0)
89,Preventing Cowpea Aphid-borne Mosaic in Cowpea (Humid forest),"Cowpea Aphid-borne Mosaic of cowpea, caused by virus (potyvirus, aphid-transmitted). Preventing it in the humid forest zone, where heavy rainfall leaches and acidifies soils and fungal pressure is high: Use certified resistant seed and manage aphids and weed hosts around the field. In the humid forest, correct soil acidity with lime, watch for rapid fungal spread under the canopy, and improve drainage on the heavy leached soils.",CGIAR,Cowpea,Mali,synthetic,,synthetic (CC0)
90,Managing Cowpea Aphid-borne Mosaic in Cowpea (Sahel),"Cowpea Aphid-borne Mosaic of cowpea, caused by virus (potyvirus, aphid-transmitted). Managing an outbreak in the hot semi-arid Sahel, where rains are short and erratic and sandy soils leach nutrients quickly: Use clean resistant seed, control aphids early, and rogue infected plants. Because sandy Sahelian soils leach fast, split applications finely, micro-dose into the planting hole, and conserve every drop of moisture with mulch and tied ridges.",IITA,Cowpea,Niger,synthetic,,synthetic (CC0)
91,Preventing Cowpea Aphid-borne Mosaic in Cowpea (Sahel),"Cowpea Aphid-borne Mosaic of cowpea, caused by virus (potyvirus, aphid-transmitted). Preventing it in the hot semi-arid Sahel, where rains are short and erratic and sandy soils leach nutrients quickly: Use certified resistant seed and manage aphids and weed hosts around the field. Because sandy Sahelian soils leach fast, split applications finely, micro-dose into the planting hole, and conserve every drop of moisture with mulch and tied ridges.",FAO,Cowpea,Burkina Faso,synthetic,,synthetic (CC0)
92,Managing Fusarium Wilt in Organic Banana Farming,"Fusarium wilt of bananas, caused by Fusarium oxysporum f. sp. cubense, is a significant global threat to banana production, with no effective fungicides or cultural measures currently available for control. Research indicates that organic agriculture may offer a more resilient approach to managing this disease compared to conventional farming. A study comparing organic and conventional banana plantations in north Queensland, Australia, found that organic soils exhibited higher microbial activity and lower disease symptoms in both bananas and tomatoes. Key indicators of soil health, such as nematode diversity and soil sulphate content, were correlated with pathogen growth and plant health. Organic soils had lower levels of plant-parasitic nematodes and higher microbial indicators, suggesting that enhancing soil health through organic practices could suppress Fusarium wilt. Farmers are encouraged to adopt organic farming systems to improve soil health and potentially reduce the impact of Fusarium wilt on banana crops.",CGIAR,(general),Mali,llm_grounded,https://hdl.handle.net/10568/67153,CC-BY-4.0
93,How Gray Leaf Spot spreads in Maize,"Gray Leaf Spot of maize, caused by fungus (Cercospora zeae-maydis). How it spreads: Spores survive on maize residue and spread by wind and rain splash; long dewy nights and minimum tillage favour it.",Plantwise,Maize,Ghana,synthetic,,synthetic (CC0)
94,Symptoms of Gray Leaf Spot in Maize,"Gray Leaf Spot of maize, caused by fungus (Cercospora zeae-maydis). Symptoms to look for: Long, narrow, rectangular grey-to-tan lesions bounded by the leaf veins, starting on lower leaves and merging to blight the whole leaf in humid weather.",ICRISAT,Maize,Tanzania,synthetic,,synthetic (CC0)
95,Managing Gray Leaf Spot in Maize (Guinea savanna),"Gray Leaf Spot of maize, caused by fungus (Cercospora zeae-maydis). Managing an outbreak in the Guinea savanna, with one long rainy season and moderately fertile soils: Use resistant hybrids, apply a triazole/strobilurin fungicide at early disease onset on high-value crops, and rotate away from maize. In the Guinea savanna, time operations to the single rains, top-dress at the onset of steady rainfall, and use the long season for a full-duration variety.",CGIAR,Maize,Ghana,synthetic,,synthetic (CC0)
96,Preventing Gray Leaf Spot in Maize (Guinea savanna),"Gray Leaf Spot of maize, caused by fungus (Cercospora zeae-maydis). Preventing it in the Guinea savanna, with one long rainy season and moderately fertile soils: Rotate crops, bury or remove infected residue, and avoid continuous maize in humid highlands. In the Guinea savanna, time operations to the single rains, top-dress at the onset of steady rainfall, and use the long season for a full-duration variety.",AGRA,Maize,Nigeria,synthetic,,synthetic (CC0)
97,Managing Gray Leaf Spot in Maize (Highlands),"Gray Leaf Spot of maize, caused by fungus (Cercospora zeae-maydis). Managing an outbreak in the cool highlands, where heavy dew and mild temperatures favour foliar fungal diseases: Use resistant hybrids, apply a triazole/strobilurin fungicide at early disease onset on high-value crops, and rotate away from maize. In the highlands, the long dewy nights drive foliar disease, so prioritise resistant varieties, wider spacing for airflow, and early scouting.",ICRISAT,Maize,Ghana,synthetic,,synthetic (CC0)
98,Preventing Gray Leaf Spot in Maize (Highlands),"Gray Leaf Spot of maize, caused by fungus (Cercospora zeae-maydis). Preventing it in the cool highlands, where heavy dew and mild temperatures favour foliar fungal diseases: Rotate crops, bury or remove infected residue, and avoid continuous maize in humid highlands. In the highlands, the long dewy nights drive foliar disease, so prioritise resistant varieties, wider spacing for airflow, and early scouting.",FAO,Maize,Tanzania,synthetic,,synthetic (CC0)
99,Managing Gray Leaf Spot in Maize (Humid forest),"Gray Leaf Spot of maize, caused by fungus (Cercospora zeae-maydis). Managing an outbreak in the humid forest zone, where heavy rainfall leaches and acidifies soils and fungal pressure is high: Use resistant hybrids, apply a triazole/strobilurin fungicide at early disease onset on high-value crops, and rotate away from maize. In the humid forest, correct soil acidity with lime, watch for rapid fungal spread under the canopy, and improve drainage on the heavy leached soils.",IITA,Maize,Nigeria,synthetic,,synthetic (CC0)
100,Preventing Gray Leaf Spot in Maize (Humid forest),"Gray Leaf Spot of maize, caused by fungus (Cercospora zeae-maydis). Preventing it in the humid forest zone, where heavy rainfall leaches and acidifies soils and fungal pressure is high: Rotate crops, bury or remove infected residue, and avoid continuous maize in humid highlands. In the humid forest, correct soil acidity with lime, watch for rapid fungal spread under the canopy, and improve drainage on the heavy leached soils.",ICRISAT,Maize,Kenya,synthetic,,synthetic (CC0)
101,How Groundnut Rosette Disease spreads in Groundnut,"Groundnut Rosette Disease of groundnut, caused by virus complex (aphid-transmitted). How it spreads: Transmitted by the groundnut aphid; late-planted and widely spaced sparse stands suffer most.",IITA,Groundnut,Malawi,synthetic,,synthetic (CC0)
102,Symptoms of Groundnut Rosette Disease in Groundnut,"Groundnut Rosette Disease of groundnut, caused by virus complex (aphid-transmitted). Symptoms to look for: Stunted bushy plants with small, mottled or chlorotic curled leaves; early infection causes near-total pod loss.",FAO,Groundnut,Nigeria,synthetic,,synthetic (CC0)
103,Managing Groundnut Rosette Disease in Groundnut (Guinea savanna),"Groundnut Rosette Disease of groundnut, caused by virus complex (aphid-transmitted). Managing an outbreak in the Guinea savanna, with one long rainy season and moderately fertile soils: Plant early at a dense, uniform spacing, use resistant varieties, and control aphids. In the Guinea savanna, time operations to the single rains, top-dress at the onset of steady rainfall, and use the long season for a full-duration variety.",IITA,Groundnut,Nigeria,synthetic,,synthetic (CC0)
104,Preventing Groundnut Rosette Disease in Groundnut (Guinea savanna),"Groundnut Rosette Disease of groundnut, caused by virus complex (aphid-transmitted). Preventing it in the Guinea savanna, with one long rainy season and moderately fertile soils: Sow early and densely so the canopy closes fast, and grow rosette-resistant varieties. In the Guinea savanna, time operations to the single rains, top-dress at the onset of steady rainfall, and use the long season for a full-duration variety.",ICRISAT,Groundnut,Ghana,synthetic,,synthetic (CC0)
105,Managing Groundnut Rosette Disease in Groundnut (Humid forest),"Groundnut Rosette Disease of groundnut, caused by virus complex (aphid-transmitted). Managing an outbreak in the humid forest zone, where heavy rainfall leaches and acidifies soils and fungal pressure is high: Plant early at a dense, uniform spacing, use resistant varieties, and control aphids. In the humid forest, correct soil acidity with lime, watch for rapid fungal spread under the canopy, and improve drainage on the heavy leached soils.",IITA,Groundnut,Ghana,synthetic,,synthetic (CC0)
106,Preventing Groundnut Rosette Disease in Groundnut (Humid forest),"Groundnut Rosette Disease of groundnut, caused by virus complex (aphid-transmitted). Preventing it in the humid forest zone, where heavy rainfall leaches and acidifies soils and fungal pressure is high: Sow early and densely so the canopy closes fast, and grow rosette-resistant varieties. In the humid forest, correct soil acidity with lime, watch for rapid fungal spread under the canopy, and improve drainage on the heavy leached soils.",IITA,Groundnut,Senegal,synthetic,,synthetic (CC0)
107,Managing Groundnut Rosette Disease in Groundnut (Sahel),"Groundnut Rosette Disease of groundnut, caused by virus complex (aphid-transmitted). Managing an outbreak in the hot semi-arid Sahel, where rains are short and erratic and sandy soils leach nutrients quickly: Plant early at a dense, uniform spacing, use resistant varieties, and control aphids. Because sandy Sahelian soils leach fast, split applications finely, micro-dose into the planting hole, and conserve every drop of moisture with mulch and tied ridges.",Plantwise,Groundnut,Sudan,synthetic,,synthetic (CC0)
108,Preventing Groundnut Rosette Disease in Groundnut (Sahel),"Groundnut Rosette Disease of groundnut, caused by virus complex (aphid-transmitted). Preventing it in the hot semi-arid Sahel, where rains are short and erratic and sandy soils leach nutrients quickly: Sow early and densely so the canopy closes fast, and grow rosette-resistant varieties. Because sandy Sahelian soils leach fast, split applications finely, micro-dose into the planting hole, and conserve every drop of moisture with mulch and tied ridges.",AGRA,Groundnut,Malawi,synthetic,,synthetic (CC0)
109,How Maize Lethal Necrosis spreads in Maize,"Maize Lethal Necrosis of maize, caused by virus complex (MCMV + a potyvirus). How it spreads: Spread by thrips and beetles and through infected seed; co-infection of the two viruses makes it lethal.",IITA,Maize,Tanzania,synthetic,,synthetic (CC0)
110,Symptoms of Maize Lethal Necrosis in Maize,"Maize Lethal Necrosis of maize, caused by virus complex (MCMV + a potyvirus). Symptoms to look for: Severe leaf mottling and yellowing, dead leaf margins, stunting, dead-heart and poorly filled or rotten cobs; fields can collapse.",ICRISAT,Maize,Kenya,synthetic,,synthetic (CC0)
111,Managing Maize Lethal Necrosis in Maize (Guinea savanna),"Maize Lethal Necrosis of maize, caused by virus complex (MCMV + a potyvirus). Managing an outbreak in the Guinea savanna, with one long rainy season and moderately fertile soils: Use certified clean seed, control insect vectors, and remove infected plants; impose a maize-free break. In the Guinea savanna, time operations to the single rains, top-dress at the onset of steady rainfall, and use the long season for a full-duration variety.",AGRA,Maize,Kenya,synthetic,,synthetic (CC0)
112,Preventing Maize Lethal Necrosis in Maize (Guinea savanna),"Maize Lethal Necrosis of maize, caused by virus complex (MCMV + a potyvirus). Preventing it in the Guinea savanna, with one long rainy season and moderately fertile soils: Plant a maize-free season to break the cycle, use clean certified seed, and rotate with non-cereal crops. In the Guinea savanna, time operations to the single rains, top-dress at the onset of steady rainfall, and use the long season for a full-duration variety.",CGIAR,Maize,Tanzania,synthetic,,synthetic (CC0)
113,Managing Maize Lethal Necrosis in Maize (Highlands),"Maize Lethal Necrosis of maize, caused by virus complex (MCMV + a potyvirus). Managing an outbreak in the cool highlands, where heavy dew and mild temperatures favour foliar fungal diseases: Use certified clean seed, control insect vectors, and remove infected plants; impose a maize-free break. In the highlands, the long dewy nights drive foliar disease, so prioritise resistant varieties, wider spacing for airflow, and early scouting.",ICRISAT,Maize,Ghana,synthetic,,synthetic (CC0)
114,Preventing Maize Lethal Necrosis in Maize (Highlands),"Maize Lethal Necrosis of maize, caused by virus complex (MCMV + a potyvirus). Preventing it in the cool highlands, where heavy dew and mild temperatures favour foliar fungal diseases: Plant a maize-free season to break the cycle, use clean certified seed, and rotate with non-cereal crops. In the highlands, the long dewy nights drive foliar disease, so prioritise resistant varieties, wider spacing for airflow, and early scouting.",AGRA,Maize,Zambia,synthetic,,synthetic (CC0)
115,Managing Maize Lethal Necrosis in Maize (Humid forest),"Maize Lethal Necrosis of maize, caused by virus complex (MCMV + a potyvirus). Managing an outbreak in the humid forest zone, where heavy rainfall leaches and acidifies soils and fungal pressure is high: Use certified clean seed, control insect vectors, and remove infected plants; impose a maize-free break. In the humid forest, correct soil acidity with lime, watch for rapid fungal spread under the canopy, and improve drainage on the heavy leached soils.",National Extension Service,Maize,Tanzania,synthetic,,synthetic (CC0)
116,Preventing Maize Lethal Necrosis in Maize (Humid forest),"Maize Lethal Necrosis of maize, caused by virus complex (MCMV + a potyvirus). Preventing it in the humid forest zone, where heavy rainfall leaches and acidifies soils and fungal pressure is high: Plant a maize-free season to break the cycle, use clean certified seed, and rotate with non-cereal crops. In the humid forest, correct soil acidity with lime, watch for rapid fungal spread under the canopy, and improve drainage on the heavy leached soils.",CGIAR,Maize,Nigeria,synthetic,,synthetic (CC0)
117,How Maize Streak Virus spreads in Maize,"Maize Streak Virus of maize, caused by virus (Maize streak virus, leafhopper-transmitted). How it spreads: Carried by Cicadulina leafhoppers that move in from grasses and volunteer maize, especially in warm weather and late-planted crops.",IITA,Maize,Nigeria,synthetic,,synthetic (CC0)
118,Symptoms of Maize Streak Virus in Maize,"Maize Streak Virus of maize, caused by virus (Maize streak virus, leafhopper-transmitted). Symptoms to look for: Fine, broken yellow-white streaks running parallel to the veins along the whole length of young leaves; severely infected plants are stunted with poor or no cob formation.",National Extension Service,Maize,Tanzania,synthetic,,synthetic (CC0)
119,Managing Maize Streak Virus in Maize (Guinea savanna),"Maize Streak Virus of maize, caused by virus (Maize streak virus, leafhopper-transmitted). Managing an outbreak in the Guinea savanna, with one long rainy season and moderately fertile soils: Rogue out infected plants early, control leafhoppers, and grow MSV-tolerant hybrids where available. In the Guinea savanna, time operations to the single rains, top-dress at the onset of steady rainfall, and use the long season for a full-duration variety.",FAO,Maize,Kenya,synthetic,,synthetic (CC0)
120,Preventing Maize Streak Virus in Maize (Guinea savanna),"Maize Streak Virus of maize, caused by virus (Maize streak virus, leafhopper-transmitted). Preventing it in the Guinea savanna, with one long rainy season and moderately fertile soils: Plant early and uniformly across the area, destroy volunteer maize and grass hosts, and use resistant varieties. In the Guinea savanna, time operations to the single rains, top-dress at the onset of steady rainfall, and use the long season for a full-duration variety.",AGRA,Maize,Tanzania,synthetic,,synthetic (CC0)
121,Managing Maize Streak Virus in Maize (Highlands),"Maize Streak Virus of maize, caused by virus (Maize streak virus, leafhopper-transmitted). Managing an outbreak in the cool highlands, where heavy dew and mild temperatures favour foliar fungal diseases: Rogue out infected plants early, control leafhoppers, and grow MSV-tolerant hybrids where available. In the highlands, the long dewy nights drive foliar disease, so prioritise resistant varieties, wider spacing for airflow, and early scouting.",FAO,Maize,Tanzania,synthetic,,synthetic (CC0)
122,Preventing Maize Streak Virus in Maize (Highlands),"Maize Streak Virus of maize, caused by virus (Maize streak virus, leafhopper-transmitted). Preventing it in the cool highlands, where heavy dew and mild temperatures favour foliar fungal diseases: Plant early and uniformly across the area, destroy volunteer maize and grass hosts, and use resistant varieties. In the highlands, the long dewy nights drive foliar disease, so prioritise resistant varieties, wider spacing for airflow, and early scouting.",AGRA,Maize,Kenya,synthetic,,synthetic (CC0)
123,Managing Maize Streak Virus in Maize (Humid forest),"Maize Streak Virus of maize, caused by virus (Maize streak virus, leafhopper-transmitted). Managing an outbreak in the humid forest zone, where heavy rainfall leaches and acidifies soils and fungal pressure is high: Rogue out infected plants early, control leafhoppers, and grow MSV-tolerant hybrids where available. In the humid forest, correct soil acidity with lime, watch for rapid fungal spread under the canopy, and improve drainage on the heavy leached soils.",CGIAR,Maize,Zambia,synthetic,,synthetic (CC0)
124,Preventing Maize Streak Virus in Maize (Humid forest),"Maize Streak Virus of maize, caused by virus (Maize streak virus, leafhopper-transmitted). Preventing it in the humid forest zone, where heavy rainfall leaches and acidifies soils and fungal pressure is high: Plant early and uniformly across the area, destroy volunteer maize and grass hosts, and use resistant varieties. In the humid forest, correct soil acidity with lime, watch for rapid fungal spread under the canopy, and improve drainage on the heavy leached soils.",AGRA,Maize,Ghana,synthetic,,synthetic (CC0)
125,How Northern Corn Leaf Blight spreads in Maize,"Northern Corn Leaf Blight of maize, caused by fungus (Exserohilum turcicum). How it spreads: Spores carried by wind and rain from infected residue; moderate temperatures with heavy dew and high humidity drive epidemics.",FAO,Maize,Nigeria,synthetic,,synthetic (CC0)
126,Symptoms of Northern Corn Leaf Blight in Maize,"Northern Corn Leaf Blight of maize, caused by fungus (Exserohilum turcicum). Symptoms to look for: Long, cigar-shaped grey-green to tan lesions on the leaves that enlarge and coalesce, killing leaf tissue from the lower canopy upward.",IITA,Maize,Tanzania,synthetic,,synthetic (CC0)
127,Managing Northern Corn Leaf Blight in Maize (Guinea savanna),"Northern Corn Leaf Blight of maize, caused by fungus (Exserohilum turcicum). Managing an outbreak in the Guinea savanna, with one long rainy season and moderately fertile soils: Grow resistant hybrids, apply foliar fungicide if disease appears before tasselling, and practise crop rotation. In the Guinea savanna, time operations to the single rains, top-dress at the onset of steady rainfall, and use the long season for a full-duration variety.",IITA,Maize,Nigeria,synthetic,,synthetic (CC0)
128,Preventing Northern Corn Leaf Blight in Maize (Guinea savanna),"Northern Corn Leaf Blight of maize, caused by fungus (Exserohilum turcicum). Preventing it in the Guinea savanna, with one long rainy season and moderately fertile soils: Rotate, manage residue, and select hybrids with proven blight resistance for the zone. In the Guinea savanna, time operations to the single rains, top-dress at the onset of steady rainfall, and use the long season for a full-duration variety.",FAO,Maize,Ghana,synthetic,,synthetic (CC0)
129,Managing Northern Corn Leaf Blight in Maize (Highlands),"Northern Corn Leaf Blight of maize, caused by fungus (Exserohilum turcicum). Managing an outbreak in the cool highlands, where heavy dew and mild temperatures favour foliar fungal diseases: Grow resistant hybrids, apply foliar fungicide if disease appears before tasselling, and practise crop rotation. In the highlands, the long dewy nights drive foliar disease, so prioritise resistant varieties, wider spacing for airflow, and early scouting.",CGIAR,Maize,Kenya,synthetic,,synthetic (CC0)
130,Preventing Northern Corn Leaf Blight in Maize (Highlands),"Northern Corn Leaf Blight of maize, caused by fungus (Exserohilum turcicum). Preventing it in the cool highlands, where heavy dew and mild temperatures favour foliar fungal diseases: Rotate, manage residue, and select hybrids with proven blight resistance for the zone. In the highlands, the long dewy nights drive foliar disease, so prioritise resistant varieties, wider spacing for airflow, and early scouting.",National Extension Service,Maize,Tanzania,synthetic,,synthetic (CC0)
131,Managing Northern Corn Leaf Blight in Maize (Humid forest),"Northern Corn Leaf Blight of maize, caused by fungus (Exserohilum turcicum). Managing an outbreak in the humid forest zone, where heavy rainfall leaches and acidifies soils and fungal pressure is high: Grow resistant hybrids, apply foliar fungicide if disease appears before tasselling, and practise crop rotation. In the humid forest, correct soil acidity with lime, watch for rapid fungal spread under the canopy, and improve drainage on the heavy leached soils.",AGRA,Maize,Tanzania,synthetic,,synthetic (CC0)
132,Preventing Northern Corn Leaf Blight in Maize (Humid forest),"Northern Corn Leaf Blight of maize, caused by fungus (Exserohilum turcicum). Preventing it in the humid forest zone, where heavy rainfall leaches and acidifies soils and fungal pressure is high: Rotate, manage residue, and select hybrids with proven blight resistance for the zone. In the humid forest, correct soil acidity with lime, watch for rapid fungal spread under the canopy, and improve drainage on the heavy leached soils.",Plantwise,Maize,Ghana,synthetic,,synthetic (CC0)
133,How Rice Blast spreads in Rice,"Rice Blast of rice, caused by fungus (Magnaporthe oryzae). How it spreads: Spores spread by wind and dew; high nitrogen, long leaf wetness and big day-night temperature swings favour it.",CGIAR,Rice,Nigeria,synthetic,,synthetic (CC0)
134,Symptoms of Rice Blast in Rice,"Rice Blast of rice, caused by fungus (Magnaporthe oryzae). Symptoms to look for: Spindle-shaped lesions with grey centres and brown margins on leaves; at the neck the panicle base rots and breaks, causing whitehead and empty grain.",CGIAR,Rice,Mali,synthetic,,synthetic (CC0)
135,Managing Rice Blast in Rice (Guinea savanna),"Rice Blast of rice, caused by fungus (Magnaporthe oryzae). Managing an outbreak in the Guinea savanna, with one long rainy season and moderately fertile soils: Grow resistant varieties, avoid excess nitrogen, apply fungicide at booting on susceptible crops, and drain intermittently. In the Guinea savanna, time operations to the single rains, top-dress at the onset of steady rainfall, and use the long season for a full-duration variety.",ICRISAT,Rice,Tanzania,synthetic,,synthetic (CC0)
136,Preventing Rice Blast in Rice (Guinea savanna),"Rice Blast of rice, caused by fungus (Magnaporthe oryzae). Preventing it in the Guinea savanna, with one long rainy season and moderately fertile soils: Use resistant varieties, balanced (not excess) nitrogen, and clean seed. In the Guinea savanna, time operations to the single rains, top-dress at the onset of steady rainfall, and use the long season for a full-duration variety.",AGRA,Rice,Tanzania,synthetic,,synthetic (CC0)
137,Managing Rice Blast in Rice (Humid forest),"Rice Blast of rice, caused by fungus (Magnaporthe oryzae). Managing an outbreak in the humid forest zone, where heavy rainfall leaches and acidifies soils and fungal pressure is high: Grow resistant varieties, avoid excess nitrogen, apply fungicide at booting on susceptible crops, and drain intermittently. In the humid forest, correct soil acidity with lime, watch for rapid fungal spread under the canopy, and improve drainage on the heavy leached soils.",AGRA,Rice,Nigeria,synthetic,,synthetic (CC0)
138,Preventing Rice Blast in Rice (Humid forest),"Rice Blast of rice, caused by fungus (Magnaporthe oryzae). Preventing it in the humid forest zone, where heavy rainfall leaches and acidifies soils and fungal pressure is high: Use resistant varieties, balanced (not excess) nitrogen, and clean seed. In the humid forest, correct soil acidity with lime, watch for rapid fungal spread under the canopy, and improve drainage on the heavy leached soils.",AGRA,Rice,Tanzania,synthetic,,synthetic (CC0)
139,Managing Rice Blast in Rice (Irrigated lowland),"Rice Blast of rice, caused by fungus (Magnaporthe oryzae). Managing an outbreak in irrigated lowlands, where standing water and continuous cropping raise disease and salinity risk: Grow resistant varieties, avoid excess nitrogen, apply fungicide at booting on susceptible crops, and drain intermittently. Under irrigation, manage water carefully: intermittent draining cuts disease and salinity, and avoid the excess nitrogen that standing water encourages.",Plantwise,Rice,Mali,synthetic,,synthetic (CC0)
140,Preventing Rice Blast in Rice (Irrigated lowland),"Rice Blast of rice, caused by fungus (Magnaporthe oryzae). Preventing it in irrigated lowlands, where standing water and continuous cropping raise disease and salinity risk: Use resistant varieties, balanced (not excess) nitrogen, and clean seed. Under irrigation, manage water carefully: intermittent draining cuts disease and salinity, and avoid the excess nitrogen that standing water encourages.",Plantwise,Rice,Mali,synthetic,,synthetic (CC0)
141,How Rice Yellow Mottle Virus spreads in Rice,"Rice Yellow Mottle Virus of rice, caused by virus (beetle-transmitted). How it spreads: Carried by chrysomelid beetles and spread mechanically through water and handling; worst in irrigated lowland rice.",IITA,Rice,Madagascar,synthetic,,synthetic (CC0)
142,Symptoms of Rice Yellow Mottle Virus in Rice,"Rice Yellow Mottle Virus of rice, caused by virus (beetle-transmitted). Symptoms to look for: Yellow-green mottling and streaking of leaves, stunting, reduced tillering and partly empty panicles.",AGRA,Rice,Mali,synthetic,,synthetic (CC0)
143,Managing Rice Yellow Mottle Virus in Rice (Guinea savanna),"Rice Yellow Mottle Virus of rice, caused by virus (beetle-transmitted). Managing an outbreak in the Guinea savanna, with one long rainy season and moderately fertile soils: Use tolerant varieties, control beetle vectors, and rogue infected plants early. In the Guinea savanna, time operations to the single rains, top-dress at the onset of steady rainfall, and use the long season for a full-duration variety.",ICRISAT,Rice,Nigeria,synthetic,,synthetic (CC0)
144,Preventing Rice Yellow Mottle Virus in Rice (Guinea savanna),"Rice Yellow Mottle Virus of rice, caused by virus (beetle-transmitted). Preventing it in the Guinea savanna, with one long rainy season and moderately fertile soils: Grow tolerant varieties, manage weeds and volunteers, and synchronise planting in a scheme. In the Guinea savanna, time operations to the single rains, top-dress at the onset of steady rainfall, and use the long season for a full-duration variety.",FAO,Rice,Mali,synthetic,,synthetic (CC0)
145,Managing Rice Yellow Mottle Virus in Rice (Humid forest),"Rice Yellow Mottle Virus of rice, caused by virus (beetle-transmitted). Managing an outbreak in the humid forest zone, where heavy rainfall leaches and acidifies soils and fungal pressure is high: Use tolerant varieties, control beetle vectors, and rogue infected plants early. In the humid forest, correct soil acidity with lime, watch for rapid fungal spread under the canopy, and improve drainage on the heavy leached soils.",FAO,Rice,Tanzania,synthetic,,synthetic (CC0)
146,Preventing Rice Yellow Mottle Virus in Rice (Humid forest),"Rice Yellow Mottle Virus of rice, caused by virus (beetle-transmitted). Preventing it in the humid forest zone, where heavy rainfall leaches and acidifies soils and fungal pressure is high: Grow tolerant varieties, manage weeds and volunteers, and synchronise planting in a scheme. In the humid forest, correct soil acidity with lime, watch for rapid fungal spread under the canopy, and improve drainage on the heavy leached soils.",FAO,Rice,Madagascar,synthetic,,synthetic (CC0)
147,Managing Rice Yellow Mottle Virus in Rice (Irrigated lowland),"Rice Yellow Mottle Virus of rice, caused by virus (beetle-transmitted). Managing an outbreak in irrigated lowlands, where standing water and continuous cropping raise disease and salinity risk: Use tolerant varieties, control beetle vectors, and rogue infected plants early. Under irrigation, manage water carefully: intermittent draining cuts disease and salinity, and avoid the excess nitrogen that standing water encourages.",FAO,Rice,Mali,synthetic,,synthetic (CC0)
148,Preventing Rice Yellow Mottle Virus in Rice (Irrigated lowland),"Rice Yellow Mottle Virus of rice, caused by virus (beetle-transmitted). Preventing it in irrigated lowlands, where standing water and continuous cropping raise disease and salinity risk: Grow tolerant varieties, manage weeds and volunteers, and synchronise planting in a scheme. Under irrigation, manage water carefully: intermittent draining cuts disease and salinity, and avoid the excess nitrogen that standing water encourages.",FAO,Rice,Tanzania,synthetic,,synthetic (CC0)
149,Understanding Rice Blast Caused by Magnaporthe oryzae,"Rice blast, caused by the fungus Magnaporthe oryzae, leads to significant yield losses primarily through injuries on the necks and leaves of rice plants. The neck injuries are generally more critical than those on the leaves. Research has shown that isolates of M. oryzae from leaves exhibit less aggressiveness compared to those from necks, indicating that there is no specialization in the pathogen population based on the organ infected. This suggests that more aggressive isolates that affect leaves during the vegetative stage are likely to also infect necks, potentially leading to a population shift during disease transmission. Understanding these dynamics is crucial for effective disease management strategies. It is important for farmers and agricultural practitioners to monitor both leaf and neck infections to mitigate the impact of rice blast on crop yields.",CGIAR,Rice,Tanzania,llm_grounded,https://hdl.handle.net/10568/165638,CC-BY-4.0
150,Management of Rice Blast Disease Using Trichoderma harzianum,"Rice blast (Pyricularia oryzae Cavara) is a significant disease impacting rice crops in Cambodia and globally. To manage this disease, Trichoderma spp., particularly the strain T. harzianum BTB 022, is utilized as a biological control agent through soil treatment, seed treatment, and foliar application. The combination of T. harzianum with resistant rice varieties offers a sustainable approach to mitigate yield losses and address restrictions on fungicide use. Experiments conducted in 2016 and 2017 at Koktrap and Polors agricultural research stations evaluated the effectiveness of T. harzianum on both susceptible and resistant rice varieties. These experiments followed a randomized complete block design with multiple replications. Leaf blast incidence was monitored at various growth stages, and the area under the leaf blast progress curve (AULBPC) was calculated. Additionally, neck blast incidence was assessed at the dough stage, and grain yield was measured at ripening. This integrated management strategy is essential for effective control of rice blast disease.",CGIAR,Rice,Mali,llm_grounded,https://hdl.handle.net/10568/164445,CC-BY-4.0
151,Management of Rice Blast and Bacterial Leaf Blight,"Rice blast and bacterial leaf blight (BLB) are significant diseases that threaten rice yields across all growing regions under favorable conditions. A genome-wide association study (GWAS) involving 147 rice accessions identified 23 significant marker-trait associations (MTAs) related to these diseases, corresponding to 107 candidate genes for blast and 210 for BLB. The haplo-pheno analysis revealed eight superior haplotypes for blast, with average SES scores from 0.00 to 1.33, and five superior haplotypes for BLB, with scores ranging from 1.52 cm to 4.86 cm. Notably, haplotypes LOC_OS12G39700-H4 and LOC_Os06g30440-H33 showed the lowest average blast scores, while LOC_Os02g12660-H39 had the lowest average lesion length for BLB. A total of ten accessions for blast and eight for BLB were identified, belonging to aus and indx subpopulations from Bangladesh, Brazil, India, Myanmar, and Pakistan, as well as eight accessions from six countries for BLB resistance.",CGIAR,Rice,Tanzania,llm_grounded,https://hdl.handle.net/10568/163831,CC-BY-4.0
152,Management of Rice Blast Disease Caused by Magnaporthe oryzae,"Rice blast disease, caused by the fungus Magnaporthe oryzae, leads to significant yield losses in rice production worldwide. A recent study focused on developing a mechanistic simulation model for rice blast using STELLA 9.1 software, based on the EPIRICE model from IRRI. The model integrates leaf and neck blast submodels, utilizing a linear regression equation to establish their relationship. Verification was conducted using data from eight sites, with validation at five locations in the Philippines. Graphical comparisons indicated that simulated and observed leaf blast severity and neck blast incidence curves were similar. Statistical validation employed the Wilcoxon test, Root Mean Square Error (RMSE), and equivalence tests. Results showed low RMSE values for leaf blast severity and higher values for neck blast incidence. The Wilcoxon test revealed significant differences in leaf blast severity predictions, achieving 60% accuracy for neck blast predictions. However, the equivalence test indicated only 40% accuracy for both leaf blast severity and neck blast incidence, highlighting the complexities of these pathosystems. Potential leaf blast epidemics were mapped in Bangladesh, India, Indonesia, and the Philippines using projected weather data.",CGIAR,Rice,Madagascar,llm_grounded,https://hdl.handle.net/10568/172515,CC-BY-4.0
153,How Sorghum Anthracnose spreads in Sorghum,"Sorghum Anthracnose of sorghum, caused by fungus (Colletotrichum sublineola). How it spreads: Survives on residue and seed; spreads by rain splash in warm humid weather.",Plantwise,Sorghum,Mali,synthetic,,synthetic (CC0)
154,Symptoms of Sorghum Anthracnose in Sorghum,"Sorghum Anthracnose of sorghum, caused by fungus (Colletotrichum sublineola). Symptoms to look for: Small red-to-tan leaf spots with dark centres, plus red rot of the stalk and grain mould that weakens plants and spoils grain.",IITA,Sorghum,Nigeria,synthetic,,synthetic (CC0)
155,Managing Sorghum Anthracnose in Sorghum (Guinea savanna),"Sorghum Anthracnose of sorghum, caused by fungus (Colletotrichum sublineola). Managing an outbreak in the Guinea savanna, with one long rainy season and moderately fertile soils: Grow resistant varieties, rotate, and use clean seed; remove crop residue. In the Guinea savanna, time operations to the single rains, top-dress at the onset of steady rainfall, and use the long season for a full-duration variety.",ICRISAT,Sorghum,Mali,synthetic,,synthetic (CC0)
156,Preventing Sorghum Anthracnose in Sorghum (Guinea savanna),"Sorghum Anthracnose of sorghum, caused by fungus (Colletotrichum sublineola). Preventing it in the Guinea savanna, with one long rainy season and moderately fertile soils: Use resistant varieties and certified seed, and rotate away from sorghum. In the Guinea savanna, time operations to the single rains, top-dress at the onset of steady rainfall, and use the long season for a full-duration variety.",Plantwise,Sorghum,Burkina Faso,synthetic,,synthetic (CC0)
157,Managing Sorghum Anthracnose in Sorghum (Sahel),"Sorghum Anthracnose of sorghum, caused by fungus (Colletotrichum sublineola). Managing an outbreak in the hot semi-arid Sahel, where rains are short and erratic and sandy soils leach nutrients quickly: Grow resistant varieties, rotate, and use clean seed; remove crop residue. Because sandy Sahelian soils leach fast, split applications finely, micro-dose into the planting hole, and conserve every drop of moisture with mulch and tied ridges.",Plantwise,Sorghum,Ethiopia,synthetic,,synthetic (CC0)
158,Preventing Sorghum Anthracnose in Sorghum (Sahel),"Sorghum Anthracnose of sorghum, caused by fungus (Colletotrichum sublineola). Preventing it in the hot semi-arid Sahel, where rains are short and erratic and sandy soils leach nutrients quickly: Use resistant varieties and certified seed, and rotate away from sorghum. Because sandy Sahelian soils leach fast, split applications finely, micro-dose into the planting hole, and conserve every drop of moisture with mulch and tied ridges.",IITA,Sorghum,Mali,synthetic,,synthetic (CC0)
159,How Tomato Bacterial Wilt spreads in Tomato,"Tomato Bacterial Wilt of tomato, caused by bacterium (Ralstonia solanacearum). How it spreads: Soil-borne; spreads in drainage water, on tools and through infected seedlings, worst in hot wet soils.",CGIAR,Tomato,Ghana,synthetic,,synthetic (CC0)
160,Symptoms of Tomato Bacterial Wilt in Tomato,"Tomato Bacterial Wilt of tomato, caused by bacterium (Ralstonia solanacearum). Symptoms to look for: Sudden wilting of healthy-looking plants with leaves still green; a cut stem oozes milky bacterial streams in water; the lower stem browns inside.",ICRISAT,Tomato,Ghana,synthetic,,synthetic (CC0)
161,Managing Tomato Bacterial Wilt in Tomato (Guinea savanna),"Tomato Bacterial Wilt of tomato, caused by bacterium (Ralstonia solanacearum). Managing an outbreak in the Guinea savanna, with one long rainy season and moderately fertile soils: Use grafted or resistant varieties, remove and destroy wilted plants, and avoid moving soil/water from infected beds. In the Guinea savanna, time operations to the single rains, top-dress at the onset of steady rainfall, and use the long season for a full-duration variety.",CGIAR,Tomato,Kenya,synthetic,,synthetic (CC0)
162,Preventing Tomato Bacterial Wilt in Tomato (Guinea savanna),"Tomato Bacterial Wilt of tomato, caused by bacterium (Ralstonia solanacearum). Preventing it in the Guinea savanna, with one long rainy season and moderately fertile soils: Rotate with non-solanaceous crops, raise beds for drainage, and use clean transplants on uninfested soil. In the Guinea savanna, time operations to the single rains, top-dress at the onset of steady rainfall, and use the long season for a full-duration variety.",ICRISAT,Tomato,Kenya,synthetic,,synthetic (CC0)
163,Managing Tomato Bacterial Wilt in Tomato (Highlands),"Tomato Bacterial Wilt of tomato, caused by bacterium (Ralstonia solanacearum). Managing an outbreak in the cool highlands, where heavy dew and mild temperatures favour foliar fungal diseases: Use grafted or resistant varieties, remove and destroy wilted plants, and avoid moving soil/water from infected beds. In the highlands, the long dewy nights drive foliar disease, so prioritise resistant varieties, wider spacing for airflow, and early scouting.",CGIAR,Tomato,Nigeria,synthetic,,synthetic (CC0)
164,Preventing Tomato Bacterial Wilt in Tomato (Highlands),"Tomato Bacterial Wilt of tomato, caused by bacterium (Ralstonia solanacearum). Preventing it in the cool highlands, where heavy dew and mild temperatures favour foliar fungal diseases: Rotate with non-solanaceous crops, raise beds for drainage, and use clean transplants on uninfested soil. In the highlands, the long dewy nights drive foliar disease, so prioritise resistant varieties, wider spacing for airflow, and early scouting.",ICRISAT,Tomato,Kenya,synthetic,,synthetic (CC0)
165,Managing Tomato Bacterial Wilt in Tomato (Irrigated lowland),"Tomato Bacterial Wilt of tomato, caused by bacterium (Ralstonia solanacearum). Managing an outbreak in irrigated lowlands, where standing water and continuous cropping raise disease and salinity risk: Use grafted or resistant varieties, remove and destroy wilted plants, and avoid moving soil/water from infected beds. Under irrigation, manage water carefully: intermittent draining cuts disease and salinity, and avoid the excess nitrogen that standing water encourages.",Plantwise,Tomato,Tanzania,synthetic,,synthetic (CC0)
166,Preventing Tomato Bacterial Wilt in Tomato (Irrigated lowland),"Tomato Bacterial Wilt of tomato, caused by bacterium (Ralstonia solanacearum). Preventing it in irrigated lowlands, where standing water and continuous cropping raise disease and salinity risk: Rotate with non-solanaceous crops, raise beds for drainage, and use clean transplants on uninfested soil. Under irrigation, manage water carefully: intermittent draining cuts disease and salinity, and avoid the excess nitrogen that standing water encourages.",IITA,Tomato,Ghana,synthetic,,synthetic (CC0)
167,How Tomato Late Blight spreads in Tomato,"Tomato Late Blight of tomato, caused by oomycete (Phytophthora infestans). How it spreads: Spores spread explosively by wind and rain in cool, wet, humid weather.",National Extension Service,Tomato,Nigeria,synthetic,,synthetic (CC0)
168,Symptoms of Tomato Late Blight in Tomato,"Tomato Late Blight of tomato, caused by oomycete (Phytophthora infestans). Symptoms to look for: Large greasy grey-green blotches on leaves and stems that turn brown, with white mould on leaf undersides in humid weather, plus firm brown rot on fruit; plants collapse fast.",IITA,Tomato,Kenya,synthetic,,synthetic (CC0)
169,Managing Tomato Late Blight in Tomato (Guinea savanna),"Tomato Late Blight of tomato, caused by oomycete (Phytophthora infestans). Managing an outbreak in the Guinea savanna, with one long rainy season and moderately fertile soils: Apply protectant fungicide ahead of wet spells, remove infected plants, and improve airflow with wider spacing and staking. In the Guinea savanna, time operations to the single rains, top-dress at the onset of steady rainfall, and use the long season for a full-duration variety.",ICRISAT,Tomato,Tanzania,synthetic,,synthetic (CC0)
170,Preventing Tomato Late Blight in Tomato (Guinea savanna),"Tomato Late Blight of tomato, caused by oomycete (Phytophthora infestans). Preventing it in the Guinea savanna, with one long rainy season and moderately fertile soils: Use resistant varieties, avoid overhead irrigation, stake for airflow, and scout in cool wet weather. In the Guinea savanna, time operations to the single rains, top-dress at the onset of steady rainfall, and use the long season for a full-duration variety.",ICRISAT,Tomato,Nigeria,synthetic,,synthetic (CC0)
171,Managing Tomato Late Blight in Tomato (Highlands),"Tomato Late Blight of tomato, caused by oomycete (Phytophthora infestans). Managing an outbreak in the cool highlands, where heavy dew and mild temperatures favour foliar fungal diseases: Apply protectant fungicide ahead of wet spells, remove infected plants, and improve airflow with wider spacing and staking. In the highlands, the long dewy nights drive foliar disease, so prioritise resistant varieties, wider spacing for airflow, and early scouting.",IITA,Tomato,Tanzania,synthetic,,synthetic (CC0)
172,Preventing Tomato Late Blight in Tomato (Highlands),"Tomato Late Blight of tomato, caused by oomycete (Phytophthora infestans). Preventing it in the cool highlands, where heavy dew and mild temperatures favour foliar fungal diseases: Use resistant varieties, avoid overhead irrigation, stake for airflow, and scout in cool wet weather. In the highlands, the long dewy nights drive foliar disease, so prioritise resistant varieties, wider spacing for airflow, and early scouting.",Plantwise,Tomato,Kenya,synthetic,,synthetic (CC0)
173,Managing Tomato Late Blight in Tomato (Irrigated lowland),"Tomato Late Blight of tomato, caused by oomycete (Phytophthora infestans). Managing an outbreak in irrigated lowlands, where standing water and continuous cropping raise disease and salinity risk: Apply protectant fungicide ahead of wet spells, remove infected plants, and improve airflow with wider spacing and staking. Under irrigation, manage water carefully: intermittent draining cuts disease and salinity, and avoid the excess nitrogen that standing water encourages.",AGRA,Tomato,Kenya,synthetic,,synthetic (CC0)
174,Preventing Tomato Late Blight in Tomato (Irrigated lowland),"Tomato Late Blight of tomato, caused by oomycete (Phytophthora infestans). Preventing it in irrigated lowlands, where standing water and continuous cropping raise disease and salinity risk: Use resistant varieties, avoid overhead irrigation, stake for airflow, and scout in cool wet weather. Under irrigation, manage water carefully: intermittent draining cuts disease and salinity, and avoid the excess nitrogen that standing water encourages.",FAO,Tomato,Tanzania,synthetic,,synthetic (CC0)
175,How Tomato Leaf Curl Virus spreads in Tomato,"Tomato Leaf Curl Virus of tomato, caused by virus (begomovirus, whitefly-transmitted). How it spreads: Transmitted by whiteflies; pressure rises in hot dry spells with high whitefly numbers.",Plantwise,Tomato,Nigeria,synthetic,,synthetic (CC0)
176,Symptoms of Tomato Leaf Curl Virus in Tomato,"Tomato Leaf Curl Virus of tomato, caused by virus (begomovirus, whitefly-transmitted). Symptoms to look for: Upward curling and cupping of leaves, yellowing of margins, severe stunting and heavy flower drop with few fruit.",FAO,Tomato,Ghana,synthetic,,synthetic (CC0)
177,Managing Tomato Leaf Curl Virus in Tomato (Guinea savanna),"Tomato Leaf Curl Virus of tomato, caused by virus (begomovirus, whitefly-transmitted). Managing an outbreak in the Guinea savanna, with one long rainy season and moderately fertile soils: Use tolerant varieties, control whitefly with nets and rotation of insecticides, and remove infected plants. In the Guinea savanna, time operations to the single rains, top-dress at the onset of steady rainfall, and use the long season for a full-duration variety.",CGIAR,Tomato,Ghana,synthetic,,synthetic (CC0)
178,Preventing Tomato Leaf Curl Virus in Tomato (Guinea savanna),"Tomato Leaf Curl Virus of tomato, caused by virus (begomovirus, whitefly-transmitted). Preventing it in the Guinea savanna, with one long rainy season and moderately fertile soils: Raise seedlings under insect-proof nets, use tolerant varieties, and manage whitefly host weeds. In the Guinea savanna, time operations to the single rains, top-dress at the onset of steady rainfall, and use the long season for a full-duration variety.",ICRISAT,Tomato,Ghana,synthetic,,synthetic (CC0)
179,Managing Tomato Leaf Curl Virus in Tomato (Highlands),"Tomato Leaf Curl Virus of tomato, caused by virus (begomovirus, whitefly-transmitted). Managing an outbreak in the cool highlands, where heavy dew and mild temperatures favour foliar fungal diseases: Use tolerant varieties, control whitefly with nets and rotation of insecticides, and remove infected plants. In the highlands, the long dewy nights drive foliar disease, so prioritise resistant varieties, wider spacing for airflow, and early scouting.",IITA,Tomato,Egypt,synthetic,,synthetic (CC0)
180,Preventing Tomato Leaf Curl Virus in Tomato (Highlands),"Tomato Leaf Curl Virus of tomato, caused by virus (begomovirus, whitefly-transmitted). Preventing it in the cool highlands, where heavy dew and mild temperatures favour foliar fungal diseases: Raise seedlings under insect-proof nets, use tolerant varieties, and manage whitefly host weeds. In the highlands, the long dewy nights drive foliar disease, so prioritise resistant varieties, wider spacing for airflow, and early scouting.",AGRA,Tomato,Tanzania,synthetic,,synthetic (CC0)
181,Managing Tomato Leaf Curl Virus in Tomato (Irrigated lowland),"Tomato Leaf Curl Virus of tomato, caused by virus (begomovirus, whitefly-transmitted). Managing an outbreak in irrigated lowlands, where standing water and continuous cropping raise disease and salinity risk: Use tolerant varieties, control whitefly with nets and rotation of insecticides, and remove infected plants. Under irrigation, manage water carefully: intermittent draining cuts disease and salinity, and avoid the excess nitrogen that standing water encourages.",National Extension Service,Tomato,Egypt,synthetic,,synthetic (CC0)
182,Preventing Tomato Leaf Curl Virus in Tomato (Irrigated lowland),"Tomato Leaf Curl Virus of tomato, caused by virus (begomovirus, whitefly-transmitted). Preventing it in irrigated lowlands, where standing water and continuous cropping raise disease and salinity risk: Raise seedlings under insect-proof nets, use tolerant varieties, and manage whitefly host weeds. Under irrigation, manage water carefully: intermittent draining cuts disease and salinity, and avoid the excess nitrogen that standing water encourages.",ICRISAT,Tomato,Ghana,synthetic,,synthetic (CC0)
183,How Yam Anthracnose spreads in Yam,"Yam Anthracnose of yam, caused by fungus (Colletotrichum gloeosporioides). How it spreads: Spread by rain splash and infected setts; warm wet weather drives it.",IITA,Yam,Togo,synthetic,,synthetic (CC0)
184,Symptoms of Yam Anthracnose in Yam,"Yam Anthracnose of yam, caused by fungus (Colletotrichum gloeosporioides). Symptoms to look for: Dark brown necrotic blotches on leaves and shoots, leaf blight and die-back of the vine that cuts tuber bulking.",ICRISAT,Yam,Benin,synthetic,,synthetic (CC0)
185,Managing Yam Anthracnose in Yam (Guinea savanna),"Yam Anthracnose of yam, caused by fungus (Colletotrichum gloeosporioides). Managing an outbreak in the Guinea savanna, with one long rainy season and moderately fertile soils: Use clean tolerant setts, stake vines for airflow, and apply fungicide under heavy pressure. In the Guinea savanna, time operations to the single rains, top-dress at the onset of steady rainfall, and use the long season for a full-duration variety.",ICRISAT,Yam,Ghana,synthetic,,synthetic (CC0)
186,Preventing Yam Anthracnose in Yam (Guinea savanna),"Yam Anthracnose of yam, caused by fungus (Colletotrichum gloeosporioides). Preventing it in the Guinea savanna, with one long rainy season and moderately fertile soils: Plant healthy setts of tolerant varieties, rotate, and stake to keep foliage dry. In the Guinea savanna, time operations to the single rains, top-dress at the onset of steady rainfall, and use the long season for a full-duration variety.",FAO,Yam,Ghana,synthetic,,synthetic (CC0)
187,Managing Yam Anthracnose in Yam (Humid forest),"Yam Anthracnose of yam, caused by fungus (Colletotrichum gloeosporioides). Managing an outbreak in the humid forest zone, where heavy rainfall leaches and acidifies soils and fungal pressure is high: Use clean tolerant setts, stake vines for airflow, and apply fungicide under heavy pressure. In the humid forest, correct soil acidity with lime, watch for rapid fungal spread under the canopy, and improve drainage on the heavy leached soils.",ICRISAT,Yam,Côte d'Ivoire,synthetic,,synthetic (CC0)
188,Preventing Yam Anthracnose in Yam (Humid forest),"Yam Anthracnose of yam, caused by fungus (Colletotrichum gloeosporioides). Preventing it in the humid forest zone, where heavy rainfall leaches and acidifies soils and fungal pressure is high: Plant healthy setts of tolerant varieties, rotate, and stake to keep foliage dry. In the humid forest, correct soil acidity with lime, watch for rapid fungal spread under the canopy, and improve drainage on the heavy leached soils.",ICRISAT,Yam,Côte d'Ivoire,synthetic,,synthetic (CC0)
189,Integrated Disease Management for Bacterial Wilt in Tomatoes,"Bacterial wilt, caused by Ralstonia solanacearum, poses a significant threat to tomato farmers, particularly in tropical regions. A study conducted in Coimbatore district, Tamil Nadu, from 2020 to 2023, revealed the disease's prevalence, especially during the Rabi season in areas like Kinathukadavu and Madukarai. An Integrated Disease Management (IDM) approach was evaluated, which included soil amendments, application of Bacillus subtilis, intercropping with marigold, seedling root dipping in streptocycline, and drenching with copper-based fungicides. The IDM treatment (T6) consistently resulted in the lowest disease incidence, ranging from 2.67% to 4.47%, and achieved the highest yield of 394.50-404.63 q/ha, along with a favorable Benefit: Cost ratio of 3.91-3.63. A strong negative correlation was observed between wilt incidence and yield, indicating that IDM T6 provided the best outcomes. These results highlight the effectiveness and sustainability of Integrated Disease Management in combating bacterial wilt and enhancing tomato production in affected areas.",CGIAR,Tomato,Tanzania,llm_grounded,https://hdl.handle.net/10568/181096,CC-BY-4.0
190,Groundnut Seed Management Success Story,"Adamu, a groundnut farmer from Maugura village, Masasi, has shared his success story regarding his involvement in TL projects. He learned essential skills such as how to grow groundnut seeds, carry out diagnosis, and store them properly. This year, he has begun planting various seeds to continue his research. The Naliendele Institute provided him with approximately 20 lines of seeds, which he is currently working on. Although these seeds have not yet been named, he has planted them in plots, ranging from plot number one to plot number twenty. Adamu's experience highlights the importance of proper seed management and the potential for research to improve crop yields and farming practices in the region.",CGIAR,Groundnut,Sudan,llm_grounded,https://hdl.handle.net/10568/108976,CC-BY-4.0
191,Revitalizing Groundnut Breeding in Ghana,"Groundnut production in Ghana faced significant decline in the mid-nineties due to various factors, prominently including the rosette disease. This decline was exacerbated by the absence of a dedicated groundnut breeder for over a decade. In 2015, efforts to revitalize the groundnut breeding program were initiated with the support of the Tropical Legumes Projects. Dr. Roger Kanton, Deputy Director of CSIR-SARI, highlighted the importance of this initiative. Dr. Richard Oteng-Frimpong, a young groundnut breeder, noted that only a few local germplasms were available at the time, which posed challenges for the breeding program's success. The reinitiation of the program aims to address the issues caused by the rosette disease and improve groundnut production in the region, ensuring better resilience and sustainability for farmers.",CGIAR,Groundnut,Nigeria,llm_grounded,https://hdl.handle.net/10568/108977,CC-BY-4.0
192,Good Practices for Tomato Cultivation,"This technical guide on good practices for tomato cultivation was prepared by the International Water Management Institute (IWMI) in partnership with the Department of Agriculture (DoA), Sri Lanka. The aim is to guide farmers on the good practices for safe and sustainable cultivation. By following these practices, farmers can enhance the health of their tomato crops, ensuring better yields and quality. The guide emphasizes the importance of understanding the specific needs of tomato plants and implementing strategies that promote their growth while minimizing environmental impact. Sustainable practices not only contribute to the well-being of the crops but also support the overall health of the farming ecosystem. Farmers are encouraged to adopt these guidelines to improve their cultivation methods and achieve better results in their tomato production.",CGIAR,Tomato,Kenya,llm_grounded,https://hdl.handle.net/10568/176451,CC-BY-4.0
193,Fertilizer Recommendations for Cereal Crops in Ethiopia,"To meet the growing global demand for food, it is essential to increase crop yields through efficient fertilizer use. In Ethiopia, plant nutrition research began in the 1960s following a soil survey that revealed widespread nitrogen (N) and phosphorus (P) deficiencies. Initial recommendations from nationwide trials in the 1970s suggested applying 64 kg N ha−1 and 20 kg P ha−1 for all crops, using di-ammonium phosphate and urea. However, research in the 1980s indicated a more tailored approach, recommending 30–138 kg N ha−1 and 0–50 kg P ha−1 based on specific agro-ecological conditions. Despite these recommendations, only 30–40% of smallholder farmers utilize fertilizers at rates below the recommended levels, averaging 37–40 kg ha−1. This limited use, coupled with high prices and declining crop responses, has resulted in only a 10% increase in cereal yields since the 1980s. To address these challenges, research into the integrated application of inorganic and organic fertilizers has shown promise in improving yields and economic benefits.",CGIAR,(general),Ghana,llm_grounded,https://hdl.handle.net/10568/118124,CC-BY-4.0
194,Targeted Fertilizer Recommendations for Smallholder Farmers in Ethiopia,"Smallholder farmers in Africa often rely on broad fertilizer recommendations that may not suit local production conditions, leading to poor responses. A randomized control trial conducted in Ethiopia examined the effects of targeted extension advice on fertilizer usage and productivity. The study found that when farmers received tailored recommendations, they were able to align their fertilizer application with the suggested levels. This adjustment resulted in increased productivity and profits. Additionally, the research explored whether pairing targeted advice with agricultural insurance would further encourage fertilizer investment. However, the findings indicated no significant difference in the effectiveness of targeted recommendations when combined with agricultural insurance. This suggests that the risk of crop failure may not be a major barrier to fertilizer adoption in this context, or that farmers do not view agricultural insurance as an effective means of mitigating risk. Overall, targeted fertilizer recommendations can play a crucial role in enhancing agricultural productivity among smallholder farmers.",CGIAR,(general),Ghana,llm_grounded,https://hdl.handle.net/10568/129962,CC-BY-4.0
195,Fertiliser recommendation for Cassava,"Fertiliser programme for cassava (Manihot esculenta). Cassava removes large amounts of potassium, so favour a K-rich blend; apply NPK 15-15-15 or a high-K formula at 4-8 weeks after planting, near but not touching the stem, on weed-free soil.",FAO,Cassava,DR Congo,synthetic,,synthetic (CC0)
196,Fertiliser recommendation for Cassava (Guinea savanna),"Fertiliser programme for cassava in the Guinea savanna, with one long rainy season and moderately fertile soils. Cassava removes large amounts of potassium, so favour a K-rich blend; apply NPK 15-15-15 or a high-K formula at 4-8 weeks after planting, near but not touching the stem, on weed-free soil. In the Guinea savanna, time operations to the single rains, top-dress at the onset of steady rainfall, and use the long season for a full-duration variety.",Plantwise,Cassava,Uganda,synthetic,,synthetic (CC0)
197,Fertiliser recommendation for Cassava (Humid forest),"Fertiliser programme for cassava in the humid forest zone, where heavy rainfall leaches and acidifies soils and fungal pressure is high. Cassava removes large amounts of potassium, so favour a K-rich blend; apply NPK 15-15-15 or a high-K formula at 4-8 weeks after planting, near but not touching the stem, on weed-free soil. In the humid forest, correct soil acidity with lime, watch for rapid fungal spread under the canopy, and improve drainage on the heavy leached soils.",AGRA,Cassava,Uganda,synthetic,,synthetic (CC0)
198,Fertiliser recommendation for Cassava (Sahel),"Fertiliser programme for cassava in the hot semi-arid Sahel, where rains are short and erratic and sandy soils leach nutrients quickly. Cassava removes large amounts of potassium, so favour a K-rich blend; apply NPK 15-15-15 or a high-K formula at 4-8 weeks after planting, near but not touching the stem, on weed-free soil. Because sandy Sahelian soils leach fast, split applications finely, micro-dose into the planting hole, and conserve every drop of moisture with mulch and tied ridges.",CGIAR,Cassava,Nigeria,synthetic,,synthetic (CC0)
199,Fertiliser recommendation for Cocoa,"Fertiliser programme for cocoa (Theobroma cacao). Apply a cocoa-specific NPK (with magnesium) split across the major and minor rainy seasons, matched to shade and soil test, and recycle pod husks and leaf litter to maintain fertility.",AGRA,Cocoa,Ghana,synthetic,,synthetic (CC0)
200,Fertiliser recommendation for Cocoa (Humid forest),"Fertiliser programme for cocoa in the humid forest zone, where heavy rainfall leaches and acidifies soils and fungal pressure is high. Apply a cocoa-specific NPK (with magnesium) split across the major and minor rainy seasons, matched to shade and soil test, and recycle pod husks and leaf litter to maintain fertility. In the humid forest, correct soil acidity with lime, watch for rapid fungal spread under the canopy, and improve drainage on the heavy leached soils.",CGIAR,Cocoa,Côte d'Ivoire,synthetic,,synthetic (CC0)
201,Fertiliser recommendation for Common bean,"Fertiliser programme for common bean (Phaseolus vulgaris). Beans fix nitrogen, so use a small starter nitrogen dose plus a phosphorus-rich basal to drive nodulation and root growth; add potassium on light soils.",FAO,Common bean,Uganda,synthetic,,synthetic (CC0)
202,Fertiliser recommendation for Common bean (Guinea savanna),"Fertiliser programme for common bean in the Guinea savanna, with one long rainy season and moderately fertile soils. Beans fix nitrogen, so use a small starter nitrogen dose plus a phosphorus-rich basal to drive nodulation and root growth; add potassium on light soils. In the Guinea savanna, time operations to the single rains, top-dress at the onset of steady rainfall, and use the long season for a full-duration variety.",IITA,Common bean,Kenya,synthetic,,synthetic (CC0)
203,Fertiliser recommendation for Common bean (Highlands),"Fertiliser programme for common bean in the cool highlands, where heavy dew and mild temperatures favour foliar fungal diseases. Beans fix nitrogen, so use a small starter nitrogen dose plus a phosphorus-rich basal to drive nodulation and root growth; add potassium on light soils. In the highlands, the long dewy nights drive foliar disease, so prioritise resistant varieties, wider spacing for airflow, and early scouting.",FAO,Common bean,Rwanda,synthetic,,synthetic (CC0)
204,Fertiliser recommendation for Cowpea,"Fertiliser programme for cowpea (Vigna unguiculata). As a nitrogen-fixing legume, cowpea needs little nitrogen; apply a phosphorus-rich basal (SSP or DAP) to feed nodulation and add potassium on depleted soils.",ICRISAT,Cowpea,Burkina Faso,synthetic,,synthetic (CC0)
205,Fertiliser recommendation for Cowpea (Guinea savanna),"Fertiliser programme for cowpea in the Guinea savanna, with one long rainy season and moderately fertile soils. As a nitrogen-fixing legume, cowpea needs little nitrogen; apply a phosphorus-rich basal (SSP or DAP) to feed nodulation and add potassium on depleted soils. In the Guinea savanna, time operations to the single rains, top-dress at the onset of steady rainfall, and use the long season for a full-duration variety.",AGRA,Cowpea,Niger,synthetic,,synthetic (CC0)
206,Fertiliser recommendation for Cowpea (Humid forest),"Fertiliser programme for cowpea in the humid forest zone, where heavy rainfall leaches and acidifies soils and fungal pressure is high. As a nitrogen-fixing legume, cowpea needs little nitrogen; apply a phosphorus-rich basal (SSP or DAP) to feed nodulation and add potassium on depleted soils. In the humid forest, correct soil acidity with lime, watch for rapid fungal spread under the canopy, and improve drainage on the heavy leached soils.",FAO,Cowpea,Ghana,synthetic,,synthetic (CC0)
207,Fertiliser recommendation for Cowpea (Sahel),"Fertiliser programme for cowpea in the hot semi-arid Sahel, where rains are short and erratic and sandy soils leach nutrients quickly. As a nitrogen-fixing legume, cowpea needs little nitrogen; apply a phosphorus-rich basal (SSP or DAP) to feed nodulation and add potassium on depleted soils. Because sandy Sahelian soils leach fast, split applications finely, micro-dose into the planting hole, and conserve every drop of moisture with mulch and tied ridges.",Plantwise,Cowpea,Burkina Faso,synthetic,,synthetic (CC0)
208,Fertiliser recommendation for Groundnut,"Fertiliser programme for groundnut (Arachis hypogaea). Apply phosphorus and, importantly, calcium (gypsum) at pegging for good pod fill, plus sulphur; keep nitrogen low because the crop fixes its own.",FAO,Groundnut,Sudan,synthetic,,synthetic (CC0)
209,Fertiliser recommendation for Groundnut (Guinea savanna),"Fertiliser programme for groundnut in the Guinea savanna, with one long rainy season and moderately fertile soils. Apply phosphorus and, importantly, calcium (gypsum) at pegging for good pod fill, plus sulphur; keep nitrogen low because the crop fixes its own. In the Guinea savanna, time operations to the single rains, top-dress at the onset of steady rainfall, and use the long season for a full-duration variety.",Plantwise,Groundnut,Malawi,synthetic,,synthetic (CC0)
210,Fertiliser recommendation for Groundnut (Humid forest),"Fertiliser programme for groundnut in the humid forest zone, where heavy rainfall leaches and acidifies soils and fungal pressure is high. Apply phosphorus and, importantly, calcium (gypsum) at pegging for good pod fill, plus sulphur; keep nitrogen low because the crop fixes its own. In the humid forest, correct soil acidity with lime, watch for rapid fungal spread under the canopy, and improve drainage on the heavy leached soils.",IITA,Groundnut,Sudan,synthetic,,synthetic (CC0)
211,Fertiliser recommendation for Groundnut (Sahel),"Fertiliser programme for groundnut in the hot semi-arid Sahel, where rains are short and erratic and sandy soils leach nutrients quickly. Apply phosphorus and, importantly, calcium (gypsum) at pegging for good pod fill, plus sulphur; keep nitrogen low because the crop fixes its own. Because sandy Sahelian soils leach fast, split applications finely, micro-dose into the planting hole, and conserve every drop of moisture with mulch and tied ridges.",CGIAR,Groundnut,Malawi,synthetic,,synthetic (CC0)
212,Fertiliser recommendation for Maize,"Fertiliser programme for maize (Zea mays). Target ~120 kg N, 40 kg P2O5 and 40 kg K2O per hectare on responsive soils. Apply a P-rich NPK (e.g. NPK 15-15-15) as basal at planting, then split the nitrogen: about one third as urea at 3-4 weeks and the rest at knee-high/tasselling. Add zinc on deficient soils.",AGRA,Maize,Zambia,synthetic,,synthetic (CC0)
213,Site-Specific Fertilizer Recommendations for Maize in Sub-Saharan Africa,"In sub-Saharan Africa, the relationship between nutrient application and maize yield varies significantly due to factors such as soil nutrient supply, moisture, crop management, and germplasm. This variability impacts fertilizer use efficiency and crop productivity. To address this, the Nutrient Expert (NE) decision support system has been developed to provide site-specific fertilizer recommendations. NE was calibrated for major maize agroecological zones in Nigeria, Ethiopia, and Tanzania using data from 735 on-farm nutrient omission trials conducted between 2015 and 2017. Performance trials from 2016 to 2018 evaluated NE recommendations against soil-test based recommendations, blanket fertilizer recommendations, and a control with no fertilizer. Results showed that maize yield response to nitrogen (N), phosphorus (P), and potassium (K) varied by location, with average responses of 2.4, 1.6, and 0.2 t ha−1 in Nigeria; 2.3, 0.9, and 0.2 t ha−1 in Ethiopia; and 1.5, 0.8, and 0.2 t ha−1 in Tanzania. Secondary and micronutrients also contributed to yield increases in specific areas.",CGIAR,Maize,Tanzania,llm_grounded,https://hdl.handle.net/10568/107832,CC-BY-4.0
214,Site-Specific Fertilizer Recommendations for Maize in Malawi,"To address the challenge of low maize productivity in Malawi, it is essential to implement spatially explicit and nutrient-specific fertilizer recommendations that consider soil heterogeneity and economic constraints. Traditional blanket recommendations fail to account for localized variations in soil properties, climate, and nutrient responses, which limits their effectiveness. This study utilized a Light Gradient Boosting Machine (LightGBM) model to generate fine-scale (250 m resolution) fertilizer recommendations for nitrogen (N), phosphorus (P), potassium (K), sulfur (S), and zinc (Zn). The model was trained on 20 features, including nutrient management, soil, climate, topography, and hydrological factors. Results indicated significant spatial variation in nutrient requirements, with nitrogen and phosphorus exhibiting the widest ranges in both agronomic and economic rates. The economic optimum rates were found to be slightly lower than agronomic rates, highlighting the need for tailored nutrient management strategies in smallholder maize systems to enhance productivity effectively.",CGIAR,Maize,Nigeria,llm_grounded,https://hdl.handle.net/10568/179331,CC-BY-4.0
215,Fertilizer Recommendations for Maize in Semi-Arid Tanzania,"The Africa RISING program utilizes the mother-baby trial approach to test and validate fertilizer recommendations for maize in semi-arid Tanzania. During the 2013 and 2014 growing seasons, ICRAF and partners developed a fertilizer plan recommending 30 kg P/ha and 60 kg N/ha. Farmers participated in testing these rates on their fields as baby trials after receiving training on promising fertilizer technologies and good agronomic practices (GAP). In 2016, 605 farmers (55% male and 45% female) established baby trials to validate the effectiveness of these fertilizer-maize variety technologies. The fertilizers tested included Minjingu and Yara Mila Cereals, while the maize varieties included Staha, Kilima, SEED Co, and a local variety known as Gunzi Jekundu. Each farmer assessed the performance of improved and local maize varieties with and without the recommended fertilizers, applying them according to guidelines provided by the companies. This approach aims to enhance maize productivity in the region through validated and farmer-driven trials.",CGIAR,Maize,Ghana,llm_grounded,https://hdl.handle.net/10568/144813,CC-BY-4.0
216,Refining Fertilizer Recommendations for Maize in Smallholder Landscapes,"Improving fertilizer recommendations is crucial for enhancing food security among smallholder farmers. Current practices involve blanket recommendations across various agro-ecological zones, which do not account for the spatial variability in fertilizer response (FR) and nutrient use efficiency (N-AE) of maize crops. A study analyzing 71 on-farm publications from Kenya and Sub-Sahara Africa revealed that the average FR was 2, with considerable variation from 1 to 28.5. Notably, 18% of plots in SSA were non-responsive, exhibiting an FR of less than 1. Key factors influencing N-AE in Kenya included P-Olsen, silt content, soil pH, clay, and rainfall, while in SSA, soil pH, exchangeable K, and texture were significant. However, available data on soil, climate, and management factors only explained less than 33% of the variation in FR and N-AE. Therefore, refining fertilizer recommendations should incorporate detailed information on soil types and properties to enhance nutrient management for maize cultivation.",CGIAR,Maize,Tanzania,llm_grounded,https://hdl.handle.net/10568/99700,CC-BY-4.0
217,Enhancing Maize Productivity in Northern Ghana,"In northern Ghana, smallholder farmers face challenges such as low soil fertility and unpredictable rainfall, leading to low productivity. A study evaluated the effectiveness of site-specific fertilizer recommendations (SSF) combined with maize-cowpea intercropping to enhance productivity and resilience. Demonstrations were conducted in ten communities across the Northern and Upper West regions. Two treatments were assessed: maize-cowpea intercrop with SSF and sole maize with farmer-applied fertilizer rates. Despite a long dry spell in 2024 affecting many crops, the SSF + intercrop plots yielded significantly higher maize grain at 4,078 kg ha-1 compared to the farmer practice of 2,826 kg ha-1, demonstrating resilience against drought. Average yields from farmer-replicated plots reached 3,124 kg ha-1, surpassing the regional average of 1,600 kg ha-1. This study indicates that tailored fertilizer recommendations alongside maize-cowpea intercropping can contribute to sustainable production, bridging yield gaps, and improving food security in the Guinea savannah agroecological zone.",CGIAR,Maize,Ghana,llm_grounded,https://hdl.handle.net/10568/177572,CC-BY-4.0
218,Tailored Fertilizer Recommendations for Maize in Ghana,"Agroadvisory services are crucial for enhancing sustainable agricultural practices, especially in regions like Ghana that face climate fluctuations and resource limitations. The Alliance of Bioversity International & CIAT, in collaboration with IITA and CSIR, is working to integrate input supply, insurance, and advisory services to support maize farmers. This initiative focuses on improving fertilizer use recommendations based on specific soil tests and experimental datasets. Utilizing the AgWise framework, the project has generated site-specific fertilizer recommendations by analyzing over 1,740 data points from scientific publications, field trials, and crop cut surveys. The modeling process included a thorough exploration of soil characteristics, climate patterns, and topography, resulting in a dataset of 1,532 observations across 47 data columns. The H2O package within RStudio was employed for model training, ensuring that the recommendations are precise and tailored to the unique conditions of the Guinea Savannah zone, ultimately aiming to enhance maize productivity and mitigate associated risks.",CGIAR,Maize,Nigeria,llm_grounded,https://hdl.handle.net/10568/162966,CC-BY-4.0
219,Fertiliser recommendation for Maize (Guinea savanna),"Fertiliser programme for maize in the Guinea savanna, with one long rainy season and moderately fertile soils. Target ~120 kg N, 40 kg P2O5 and 40 kg K2O per hectare on responsive soils. Apply a P-rich NPK (e.g. NPK 15-15-15) as basal at planting, then split the nitrogen: about one third as urea at 3-4 weeks and the rest at knee-high/tasselling. Add zinc on deficient soils. In the Guinea savanna, time operations to the single rains, top-dress at the onset of steady rainfall, and use the long season for a full-duration variety.",ICRISAT,Maize,Zambia,synthetic,,synthetic (CC0)
220,Next-Generation Decision Support Tool for Fertilizer Recommendations in Maize,"This study evaluates the potential of a Next-Generation Decision Support Tool (DST) designed to provide data-driven, season-tailored, site-specific fertilizer recommendations (SSRs) to improve maize performance in Ethiopia. The DST utilizes a national maize yield response to fertilizer database, geo-referenced soil profiles, spatial covariates, and a Random Forest algorithm to optimize nitrogen-phosphorus (N-P) rates at a resolution of 250 m. During the 2024 season, the tool's effectiveness was validated through on-farm trials on 59 fields across Meskan, Mareko, and Shala districts, comparing DST-based SSR with district-level local recommendations and farmers' current practices. Results indicated that grain yield was significantly influenced by both location and fertilizer strategy, with SSR consistently outperforming local recommendations and often farmers' practices, particularly in Mareko and Shala. Economic analyses revealed clear profitability advantages of SSR over local recommendations across all districts, highlighting the tool's potential to enhance maize production through tailored nutrient management.",CGIAR,Maize,Ghana,llm_grounded,https://hdl.handle.net/10568/178470,CC-BY-4.0
221,Fertiliser recommendation for Maize (Highlands),"Fertiliser programme for maize in the cool highlands, where heavy dew and mild temperatures favour foliar fungal diseases. Target ~120 kg N, 40 kg P2O5 and 40 kg K2O per hectare on responsive soils. Apply a P-rich NPK (e.g. NPK 15-15-15) as basal at planting, then split the nitrogen: about one third as urea at 3-4 weeks and the rest at knee-high/tasselling. Add zinc on deficient soils. In the highlands, the long dewy nights drive foliar disease, so prioritise resistant varieties, wider spacing for airflow, and early scouting.",IITA,Maize,Nigeria,synthetic,,synthetic (CC0)
222,Fertiliser recommendation for Maize (Humid forest),"Fertiliser programme for maize in the humid forest zone, where heavy rainfall leaches and acidifies soils and fungal pressure is high. Target ~120 kg N, 40 kg P2O5 and 40 kg K2O per hectare on responsive soils. Apply a P-rich NPK (e.g. NPK 15-15-15) as basal at planting, then split the nitrogen: about one third as urea at 3-4 weeks and the rest at knee-high/tasselling. Add zinc on deficient soils. In the humid forest, correct soil acidity with lime, watch for rapid fungal spread under the canopy, and improve drainage on the heavy leached soils.",CGIAR,Maize,Zambia,synthetic,,synthetic (CC0)
223,Impact of Site-Specific Nutrient Management Recommendations on Maize Production,"In Sub-Saharan Africa, agricultural extension has struggled to enhance technology adoption and productivity growth among farmers. A study conducted in northern Nigeria focused on the effectiveness of site-specific nutrient management recommendations for maize production. The research involved a randomized controlled trial with smallholder farmers, analyzing the impact of two extension treatments: recommendations with and without additional information on output price variability and expected returns. The findings revealed that site-specific recommendations improved fertilizer management practices and maize yields, although they did not significantly increase overall fertilizer use. Notably, recommendations that included information on expected returns led to greater fertilizer investments that continued beyond the initial year. However, the overall increases in investments and net revenues were modest, indicating that while targeted advice can enhance practices, the effects on productivity and investment levels remain incremental over the treatment period.",CGIAR,Maize,Zambia,llm_grounded,https://hdl.handle.net/10568/114227,CC-BY-4.0
224,Fertiliser recommendation for Pearl millet,"Fertiliser programme for pearl millet (Pennisetum glaucum). Use modest basal phosphorus with a light nitrogen top-dress; on poor sandy Sahelian soils, micro-dosing a small pinch of fertiliser per planting hole is far more efficient than broadcasting.",ICRISAT,Pearl millet,Niger,synthetic,,synthetic (CC0)
225,Fertiliser recommendation for Pearl millet (Guinea savanna),"Fertiliser programme for pearl millet in the Guinea savanna, with one long rainy season and moderately fertile soils. Use modest basal phosphorus with a light nitrogen top-dress; on poor sandy Sahelian soils, micro-dosing a small pinch of fertiliser per planting hole is far more efficient than broadcasting. In the Guinea savanna, time operations to the single rains, top-dress at the onset of steady rainfall, and use the long season for a full-duration variety.",ICRISAT,Pearl millet,Mali,synthetic,,synthetic (CC0)
226,Fertiliser recommendation for Pearl millet (Sahel),"Fertiliser programme for pearl millet in the hot semi-arid Sahel, where rains are short and erratic and sandy soils leach nutrients quickly. Use modest basal phosphorus with a light nitrogen top-dress; on poor sandy Sahelian soils, micro-dosing a small pinch of fertiliser per planting hole is far more efficient than broadcasting. Because sandy Sahelian soils leach fast, split applications finely, micro-dose into the planting hole, and conserve every drop of moisture with mulch and tied ridges.",IITA,Pearl millet,Senegal,synthetic,,synthetic (CC0)
227,Fertiliser recommendation for Plantain,Fertiliser programme for plantain (Musa paradisiaca). Plantain is a heavy potassium and nitrogen feeder; apply split doses of a high-K NPK around the mat through the season and mulch heavily with organic residues to recycle potassium.,ICRISAT,Plantain,Ghana,synthetic,,synthetic (CC0)
228,Fertiliser recommendation for Plantain (Highlands),"Fertiliser programme for plantain in the cool highlands, where heavy dew and mild temperatures favour foliar fungal diseases. Plantain is a heavy potassium and nitrogen feeder; apply split doses of a high-K NPK around the mat through the season and mulch heavily with organic residues to recycle potassium. In the highlands, the long dewy nights drive foliar disease, so prioritise resistant varieties, wider spacing for airflow, and early scouting.",CGIAR,Plantain,Ghana,synthetic,,synthetic (CC0)
229,Fertiliser recommendation for Plantain (Humid forest),"Fertiliser programme for plantain in the humid forest zone, where heavy rainfall leaches and acidifies soils and fungal pressure is high. Plantain is a heavy potassium and nitrogen feeder; apply split doses of a high-K NPK around the mat through the season and mulch heavily with organic residues to recycle potassium. In the humid forest, correct soil acidity with lime, watch for rapid fungal spread under the canopy, and improve drainage on the heavy leached soils.",AGRA,Plantain,Uganda,synthetic,,synthetic (CC0)
230,Fertiliser recommendation for Rice,"Fertiliser programme for rice (Oryza sativa). Apply phosphorus and potassium basally and split nitrogen into three: at transplanting/establishment, active tillering, and panicle initiation. Avoid blanket high nitrogen, which worsens blast and blight; aim for balanced ~100-120 kg N/ha by leaf-colour chart.",CGIAR,Rice,Tanzania,synthetic,,synthetic (CC0)
231,Fertiliser recommendation for Rice (Guinea savanna),"Fertiliser programme for rice in the Guinea savanna, with one long rainy season and moderately fertile soils. Apply phosphorus and potassium basally and split nitrogen into three: at transplanting/establishment, active tillering, and panicle initiation. Avoid blanket high nitrogen, which worsens blast and blight; aim for balanced ~100-120 kg N/ha by leaf-colour chart. In the Guinea savanna, time operations to the single rains, top-dress at the onset of steady rainfall, and use the long season for a full-duration variety.",Plantwise,Rice,Madagascar,synthetic,,synthetic (CC0)
232,Fertiliser recommendation for Rice (Humid forest),"Fertiliser programme for rice in the humid forest zone, where heavy rainfall leaches and acidifies soils and fungal pressure is high. Apply phosphorus and potassium basally and split nitrogen into three: at transplanting/establishment, active tillering, and panicle initiation. Avoid blanket high nitrogen, which worsens blast and blight; aim for balanced ~100-120 kg N/ha by leaf-colour chart. In the humid forest, correct soil acidity with lime, watch for rapid fungal spread under the canopy, and improve drainage on the heavy leached soils.",Plantwise,Rice,Mali,synthetic,,synthetic (CC0)
233,Fertiliser recommendation for Rice (Irrigated lowland),"Fertiliser programme for rice in irrigated lowlands, where standing water and continuous cropping raise disease and salinity risk. Apply phosphorus and potassium basally and split nitrogen into three: at transplanting/establishment, active tillering, and panicle initiation. Avoid blanket high nitrogen, which worsens blast and blight; aim for balanced ~100-120 kg N/ha by leaf-colour chart. Under irrigation, manage water carefully: intermittent draining cuts disease and salinity, and avoid the excess nitrogen that standing water encourages.",AGRA,Rice,Madagascar,synthetic,,synthetic (CC0)
234,Fertiliser recommendation for Sorghum,"Fertiliser programme for sorghum (Sorghum bicolor). Apply moderate basal NPK at planting and top-dress nitrogen at 4-5 weeks; sorghum needs less nitrogen than maize, so avoid over-application on dry-land fields.",National Extension Service,Sorghum,Nigeria,synthetic,,synthetic (CC0)
235,Fertiliser recommendation for Sorghum (Guinea savanna),"Fertiliser programme for sorghum in the Guinea savanna, with one long rainy season and moderately fertile soils. Apply moderate basal NPK at planting and top-dress nitrogen at 4-5 weeks; sorghum needs less nitrogen than maize, so avoid over-application on dry-land fields. In the Guinea savanna, time operations to the single rains, top-dress at the onset of steady rainfall, and use the long season for a full-duration variety.",National Extension Service,Sorghum,Ethiopia,synthetic,,synthetic (CC0)
236,Fertiliser recommendation for Sorghum (Sahel),"Fertiliser programme for sorghum in the hot semi-arid Sahel, where rains are short and erratic and sandy soils leach nutrients quickly. Apply moderate basal NPK at planting and top-dress nitrogen at 4-5 weeks; sorghum needs less nitrogen than maize, so avoid over-application on dry-land fields. Because sandy Sahelian soils leach fast, split applications finely, micro-dose into the planting hole, and conserve every drop of moisture with mulch and tied ridges.",IITA,Sorghum,Nigeria,synthetic,,synthetic (CC0)
237,Fertiliser recommendation for Tomato,"Fertiliser programme for tomato (Solanum lycopersicum). Feed in splits: phosphorus-rich basal at transplanting, then balanced NPK with extra potassium and calcium through flowering and fruiting to prevent blossom-end rot; fertigate where possible.",National Extension Service,Tomato,Nigeria,synthetic,,synthetic (CC0)
238,Fertiliser recommendation for Tomato (Guinea savanna),"Fertiliser programme for tomato in the Guinea savanna, with one long rainy season and moderately fertile soils. Feed in splits: phosphorus-rich basal at transplanting, then balanced NPK with extra potassium and calcium through flowering and fruiting to prevent blossom-end rot; fertigate where possible. In the Guinea savanna, time operations to the single rains, top-dress at the onset of steady rainfall, and use the long season for a full-duration variety.",IITA,Tomato,Egypt,synthetic,,synthetic (CC0)
239,Fertiliser recommendation for Tomato (Highlands),"Fertiliser programme for tomato in the cool highlands, where heavy dew and mild temperatures favour foliar fungal diseases. Feed in splits: phosphorus-rich basal at transplanting, then balanced NPK with extra potassium and calcium through flowering and fruiting to prevent blossom-end rot; fertigate where possible. In the highlands, the long dewy nights drive foliar disease, so prioritise resistant varieties, wider spacing for airflow, and early scouting.",AGRA,Tomato,Nigeria,synthetic,,synthetic (CC0)
240,Fertiliser recommendation for Tomato (Irrigated lowland),"Fertiliser programme for tomato in irrigated lowlands, where standing water and continuous cropping raise disease and salinity risk. Feed in splits: phosphorus-rich basal at transplanting, then balanced NPK with extra potassium and calcium through flowering and fruiting to prevent blossom-end rot; fertigate where possible. Under irrigation, manage water carefully: intermittent draining cuts disease and salinity, and avoid the excess nitrogen that standing water encourages.",Plantwise,Tomato,Ghana,synthetic,,synthetic (CC0)
241,Fertiliser recommendation for Yam,"Fertiliser programme for yam (Dioscorea spp.). Apply a balanced NPK with extra potassium for tuber bulking 8-12 weeks after planting on the ridge, supplemented with well-rotted manure incorporated before planting.",CGIAR,Yam,Côte d'Ivoire,synthetic,,synthetic (CC0)
242,Fertiliser recommendation for Yam (Guinea savanna),"Fertiliser programme for yam in the Guinea savanna, with one long rainy season and moderately fertile soils. Apply a balanced NPK with extra potassium for tuber bulking 8-12 weeks after planting on the ridge, supplemented with well-rotted manure incorporated before planting. In the Guinea savanna, time operations to the single rains, top-dress at the onset of steady rainfall, and use the long season for a full-duration variety.",Plantwise,Yam,Togo,synthetic,,synthetic (CC0)
243,Fertiliser recommendation for Yam (Humid forest),"Fertiliser programme for yam in the humid forest zone, where heavy rainfall leaches and acidifies soils and fungal pressure is high. Apply a balanced NPK with extra potassium for tuber bulking 8-12 weeks after planting on the ridge, supplemented with well-rotted manure incorporated before planting. In the humid forest, correct soil acidity with lime, watch for rapid fungal spread under the canopy, and improve drainage on the heavy leached soils.",AGRA,Yam,Togo,synthetic,,synthetic (CC0)
244,Optimal Fertilizer Application for Maize in Ethiopia,"The use of fertilizers in balanced and adequate amounts is essential for enhancing maize productivity. In Ethiopia, unbalanced nutrient management has been a significant factor in low maize yields, primarily due to insufficient information on nutrient dose-responses across different soil types. A study conducted from 2014 to 2017 on 29 farmers' fields in Oromia and the Southern Nations, Nationalities and Peoples Region (SNNPR) aimed to quantify maize yield response to varying application rates of nitrogen (N), phosphorus (P), potassium (K), and sulphur (S). The agronomic optimum rates were determined to be 46 kg N, 40 kg P, 17 kg K, and 10 kg S per hectare on Nitisols, while on Andosols, the optimum rates were 184 kg N, 20 kg P, and 30 kg S per hectare. The predicted maximum yields with balanced nutrient application were higher on Nitisols (4630–6094 kg ha−1) compared to Andosols (3397–3640 kg ha−1). Proper nutrient management is crucial for achieving optimal maize yields.",CGIAR,Maize,Kenya,llm_grounded,https://hdl.handle.net/10568/126359,CC-BY-4.0
245,Optimizing Nitrogen Management in Cereal Production,"Recent geopolitical conflicts and supply disruptions have highlighted vulnerabilities in the global fuel-fertilizer-food nexus, particularly concerning nitrogen (N) fertilizer price spikes that threaten food security. To maintain staple cereal yields, differentiated responses are essential for both over- and under-fertilized agricultural systems. Integrated management of organic and inorganic N sources can lead to significant N-fertilizer savings—estimated at 11% in India, 49% in Ethiopia, and 44% in Malawi. Transitioning to more cost-effective high-N fertilizers, such as urea, in conjunction with compost and legumes, can enhance N optimization in N-deficient systems. Additionally, targeted and efficient N-fertilizer use will benefit systems with surplus N. It is crucial to implement geospatially differentiated fertilization strategies that prioritize high-N fertilizer supply to low-yield, N-deficient areas while ensuring balanced fertilization of N, P, K, and micronutrients in high-yield systems. Governments should consider investing in extension services and realigning subsidies to promote improved N management at the farm level.",CGIAR,(general),Nigeria,llm_grounded,https://hdl.handle.net/10568/131233,CC-BY-4.0
246,What causes Boron deficiency in Cassava,"Boron deficiency in cassava (Manihot esculenta). Why it happens: Sandy leached soils, drought that limits boron movement to roots, and high soil pH.",CGIAR,Cassava,Uganda,synthetic,,synthetic (CC0)
247,Telling Boron deficiency in Cassava apart from look-alikes,"Boron deficiency in cassava (Manihot esculenta). How to tell it apart from similar deficiencies: Because Boron is not mobile in the plant, the symptoms strike the YOUNGEST, upper leaves first. This separates it from mobile-nutrient shortages such as nitrogen, potassium or magnesium, which begin on the OLDER lower leaves. Confirm with a soil or leaf test before treating.",FAO,Cassava,Nigeria,synthetic,,synthetic (CC0)
248,Identifying Boron deficiency in Cassava,"Boron deficiency in cassava (Manihot esculenta). How to recognise it in the field: Death of the growing point and young leaves, brittle/distorted new growth, hollow or corky stems and poor flowering, fruit and seed set.",CGIAR,Cassava,Uganda,synthetic,,synthetic (CC0)
249,Correcting Boron deficiency in Cassava (Guinea savanna),"Boron deficiency in cassava (Manihot esculenta). Correcting it in the Guinea savanna, with one long rainy season and moderately fertile soils: Apply borax to the soil at a low, carefully measured rate, or a dilute boron foliar spray at flowering; never over-apply, the safe margin is narrow. In the Guinea savanna, time operations to the single rains, top-dress at the onset of steady rainfall, and use the long season for a full-duration variety.",FAO,Cassava,Nigeria,synthetic,,synthetic (CC0)
250,Preventing Boron deficiency in Cassava (Guinea savanna),"Boron deficiency in cassava (Manihot esculenta). Preventing it in the Guinea savanna, with one long rainy season and moderately fertile soils: Maintain steady soil moisture, keep organic matter up, and apply boron only against a soil test because excess is toxic. In the Guinea savanna, time operations to the single rains, top-dress at the onset of steady rainfall, and use the long season for a full-duration variety.",ICRISAT,Cassava,Uganda,synthetic,,synthetic (CC0)
251,Correcting Boron deficiency in Cassava (Humid forest),"Boron deficiency in cassava (Manihot esculenta). Correcting it in the humid forest zone, where heavy rainfall leaches and acidifies soils and fungal pressure is high: Apply borax to the soil at a low, carefully measured rate, or a dilute boron foliar spray at flowering; never over-apply, the safe margin is narrow. In the humid forest, correct soil acidity with lime, watch for rapid fungal spread under the canopy, and improve drainage on the heavy leached soils.",FAO,Cassava,DR Congo,synthetic,,synthetic (CC0)
252,Preventing Boron deficiency in Cassava (Humid forest),"Boron deficiency in cassava (Manihot esculenta). Preventing it in the humid forest zone, where heavy rainfall leaches and acidifies soils and fungal pressure is high: Maintain steady soil moisture, keep organic matter up, and apply boron only against a soil test because excess is toxic. In the humid forest, correct soil acidity with lime, watch for rapid fungal spread under the canopy, and improve drainage on the heavy leached soils.",National Extension Service,Cassava,Uganda,synthetic,,synthetic (CC0)
253,Correcting Boron deficiency in Cassava (Sahel),"Boron deficiency in cassava (Manihot esculenta). Correcting it in the hot semi-arid Sahel, where rains are short and erratic and sandy soils leach nutrients quickly: Apply borax to the soil at a low, carefully measured rate, or a dilute boron foliar spray at flowering; never over-apply, the safe margin is narrow. Because sandy Sahelian soils leach fast, split applications finely, micro-dose into the planting hole, and conserve every drop of moisture with mulch and tied ridges.",CGIAR,Cassava,Ghana,synthetic,,synthetic (CC0)
254,Preventing Boron deficiency in Cassava (Sahel),"Boron deficiency in cassava (Manihot esculenta). Preventing it in the hot semi-arid Sahel, where rains are short and erratic and sandy soils leach nutrients quickly: Maintain steady soil moisture, keep organic matter up, and apply boron only against a soil test because excess is toxic. Because sandy Sahelian soils leach fast, split applications finely, micro-dose into the planting hole, and conserve every drop of moisture with mulch and tied ridges.",IITA,Cassava,DR Congo,synthetic,,synthetic (CC0)
255,What causes Boron deficiency in Cocoa,"Boron deficiency in cocoa (Theobroma cacao). Why it happens: Sandy leached soils, drought that limits boron movement to roots, and high soil pH.",CGIAR,Cocoa,Nigeria,synthetic,,synthetic (CC0)
256,Telling Boron deficiency in Cocoa apart from look-alikes,"Boron deficiency in cocoa (Theobroma cacao). How to tell it apart from similar deficiencies: Because Boron is not mobile in the plant, the symptoms strike the YOUNGEST, upper leaves first. This separates it from mobile-nutrient shortages such as nitrogen, potassium or magnesium, which begin on the OLDER lower leaves. Confirm with a soil or leaf test before treating.",CGIAR,Cocoa,Ghana,synthetic,,synthetic (CC0)
257,Identifying Boron deficiency in Cocoa,"Boron deficiency in cocoa (Theobroma cacao). How to recognise it in the field: Death of the growing point and young leaves, brittle/distorted new growth, hollow or corky stems and poor flowering, fruit and seed set.",FAO,Cocoa,Nigeria,synthetic,,synthetic (CC0)
258,Correcting Boron deficiency in Cocoa (Humid forest),"Boron deficiency in cocoa (Theobroma cacao). Correcting it in the humid forest zone, where heavy rainfall leaches and acidifies soils and fungal pressure is high: Apply borax to the soil at a low, carefully measured rate, or a dilute boron foliar spray at flowering; never over-apply, the safe margin is narrow. In the humid forest, correct soil acidity with lime, watch for rapid fungal spread under the canopy, and improve drainage on the heavy leached soils.",Plantwise,Cocoa,Nigeria,synthetic,,synthetic (CC0)
259,Preventing Boron deficiency in Cocoa (Humid forest),"Boron deficiency in cocoa (Theobroma cacao). Preventing it in the humid forest zone, where heavy rainfall leaches and acidifies soils and fungal pressure is high: Maintain steady soil moisture, keep organic matter up, and apply boron only against a soil test because excess is toxic. In the humid forest, correct soil acidity with lime, watch for rapid fungal spread under the canopy, and improve drainage on the heavy leached soils.",CGIAR,Cocoa,Ghana,synthetic,,synthetic (CC0)
260,What causes Boron deficiency in Groundnut,"Boron deficiency in groundnut (Arachis hypogaea). Why it happens: Sandy leached soils, drought that limits boron movement to roots, and high soil pH.",ICRISAT,Groundnut,Ghana,synthetic,,synthetic (CC0)
261,Telling Boron deficiency in Groundnut apart from look-alikes,"Boron deficiency in groundnut (Arachis hypogaea). How to tell it apart from similar deficiencies: Because Boron is not mobile in the plant, the symptoms strike the YOUNGEST, upper leaves first. This separates it from mobile-nutrient shortages such as nitrogen, potassium or magnesium, which begin on the OLDER lower leaves. Confirm with a soil or leaf test before treating.",FAO,Groundnut,Senegal,synthetic,,synthetic (CC0)
262,Identifying Boron deficiency in Groundnut,"Boron deficiency in groundnut (Arachis hypogaea). How to recognise it in the field: Death of the growing point and young leaves, brittle/distorted new growth, hollow or corky stems and poor flowering, fruit and seed set.",FAO,Groundnut,Nigeria,synthetic,,synthetic (CC0)
263,Correcting Boron deficiency in Groundnut (Guinea savanna),"Boron deficiency in groundnut (Arachis hypogaea). Correcting it in the Guinea savanna, with one long rainy season and moderately fertile soils: Apply borax to the soil at a low, carefully measured rate, or a dilute boron foliar spray at flowering; never over-apply, the safe margin is narrow. In the Guinea savanna, time operations to the single rains, top-dress at the onset of steady rainfall, and use the long season for a full-duration variety.",FAO,Groundnut,Ghana,synthetic,,synthetic (CC0)
264,Preventing Boron deficiency in Groundnut (Guinea savanna),"Boron deficiency in groundnut (Arachis hypogaea). Preventing it in the Guinea savanna, with one long rainy season and moderately fertile soils: Maintain steady soil moisture, keep organic matter up, and apply boron only against a soil test because excess is toxic. In the Guinea savanna, time operations to the single rains, top-dress at the onset of steady rainfall, and use the long season for a full-duration variety.",FAO,Groundnut,Ghana,synthetic,,synthetic (CC0)
265,Correcting Boron deficiency in Groundnut (Humid forest),"Boron deficiency in groundnut (Arachis hypogaea). Correcting it in the humid forest zone, where heavy rainfall leaches and acidifies soils and fungal pressure is high: Apply borax to the soil at a low, carefully measured rate, or a dilute boron foliar spray at flowering; never over-apply, the safe margin is narrow. In the humid forest, correct soil acidity with lime, watch for rapid fungal spread under the canopy, and improve drainage on the heavy leached soils.",AGRA,Groundnut,Nigeria,synthetic,,synthetic (CC0)
266,Preventing Boron deficiency in Groundnut (Humid forest),"Boron deficiency in groundnut (Arachis hypogaea). Preventing it in the humid forest zone, where heavy rainfall leaches and acidifies soils and fungal pressure is high: Maintain steady soil moisture, keep organic matter up, and apply boron only against a soil test because excess is toxic. In the humid forest, correct soil acidity with lime, watch for rapid fungal spread under the canopy, and improve drainage on the heavy leached soils.",National Extension Service,Groundnut,Ghana,synthetic,,synthetic (CC0)
267,Correcting Boron deficiency in Groundnut (Sahel),"Boron deficiency in groundnut (Arachis hypogaea). Correcting it in the hot semi-arid Sahel, where rains are short and erratic and sandy soils leach nutrients quickly: Apply borax to the soil at a low, carefully measured rate, or a dilute boron foliar spray at flowering; never over-apply, the safe margin is narrow. Because sandy Sahelian soils leach fast, split applications finely, micro-dose into the planting hole, and conserve every drop of moisture with mulch and tied ridges.",IITA,Groundnut,Nigeria,synthetic,,synthetic (CC0)
268,Preventing Boron deficiency in Groundnut (Sahel),"Boron deficiency in groundnut (Arachis hypogaea). Preventing it in the hot semi-arid Sahel, where rains are short and erratic and sandy soils leach nutrients quickly: Maintain steady soil moisture, keep organic matter up, and apply boron only against a soil test because excess is toxic. Because sandy Sahelian soils leach fast, split applications finely, micro-dose into the planting hole, and conserve every drop of moisture with mulch and tied ridges.",National Extension Service,Groundnut,Malawi,synthetic,,synthetic (CC0)
269,What causes Boron deficiency in Tomato,"Boron deficiency in tomato (Solanum lycopersicum). Why it happens: Sandy leached soils, drought that limits boron movement to roots, and high soil pH.",AGRA,Tomato,Tanzania,synthetic,,synthetic (CC0)
270,Telling Boron deficiency in Tomato apart from look-alikes,"Boron deficiency in tomato (Solanum lycopersicum). How to tell it apart from similar deficiencies: Because Boron is not mobile in the plant, the symptoms strike the YOUNGEST, upper leaves first. This separates it from mobile-nutrient shortages such as nitrogen, potassium or magnesium, which begin on the OLDER lower leaves. Confirm with a soil or leaf test before treating.",FAO,Tomato,Kenya,synthetic,,synthetic (CC0)
271,Identifying Boron deficiency in Tomato,"Boron deficiency in tomato (Solanum lycopersicum). How to recognise it in the field: Death of the growing point and young leaves, brittle/distorted new growth, hollow or corky stems and poor flowering, fruit and seed set.",Plantwise,Tomato,Ghana,synthetic,,synthetic (CC0)
272,Correcting Boron deficiency in Tomato (Guinea savanna),"Boron deficiency in tomato (Solanum lycopersicum). Correcting it in the Guinea savanna, with one long rainy season and moderately fertile soils: Apply borax to the soil at a low, carefully measured rate, or a dilute boron foliar spray at flowering; never over-apply, the safe margin is narrow. In the Guinea savanna, time operations to the single rains, top-dress at the onset of steady rainfall, and use the long season for a full-duration variety.",Plantwise,Tomato,Ghana,synthetic,,synthetic (CC0)
273,Preventing Boron deficiency in Tomato (Guinea savanna),"Boron deficiency in tomato (Solanum lycopersicum). Preventing it in the Guinea savanna, with one long rainy season and moderately fertile soils: Maintain steady soil moisture, keep organic matter up, and apply boron only against a soil test because excess is toxic. In the Guinea savanna, time operations to the single rains, top-dress at the onset of steady rainfall, and use the long season for a full-duration variety.",CGIAR,Tomato,Tanzania,synthetic,,synthetic (CC0)
274,Correcting Boron deficiency in Tomato (Highlands),"Boron deficiency in tomato (Solanum lycopersicum). Correcting it in the cool highlands, where heavy dew and mild temperatures favour foliar fungal diseases: Apply borax to the soil at a low, carefully measured rate, or a dilute boron foliar spray at flowering; never over-apply, the safe margin is narrow. In the highlands, the long dewy nights drive foliar disease, so prioritise resistant varieties, wider spacing for airflow, and early scouting.",FAO,Tomato,Ghana,synthetic,,synthetic (CC0)
275,Preventing Boron deficiency in Tomato (Highlands),"Boron deficiency in tomato (Solanum lycopersicum). Preventing it in the cool highlands, where heavy dew and mild temperatures favour foliar fungal diseases: Maintain steady soil moisture, keep organic matter up, and apply boron only against a soil test because excess is toxic. In the highlands, the long dewy nights drive foliar disease, so prioritise resistant varieties, wider spacing for airflow, and early scouting.",AGRA,Tomato,Nigeria,synthetic,,synthetic (CC0)
276,Correcting Boron deficiency in Tomato (Irrigated lowland),"Boron deficiency in tomato (Solanum lycopersicum). Correcting it in irrigated lowlands, where standing water and continuous cropping raise disease and salinity risk: Apply borax to the soil at a low, carefully measured rate, or a dilute boron foliar spray at flowering; never over-apply, the safe margin is narrow. Under irrigation, manage water carefully: intermittent draining cuts disease and salinity, and avoid the excess nitrogen that standing water encourages.",IITA,Tomato,Nigeria,synthetic,,synthetic (CC0)
277,Preventing Boron deficiency in Tomato (Irrigated lowland),"Boron deficiency in tomato (Solanum lycopersicum). Preventing it in irrigated lowlands, where standing water and continuous cropping raise disease and salinity risk: Maintain steady soil moisture, keep organic matter up, and apply boron only against a soil test because excess is toxic. Under irrigation, manage water carefully: intermittent draining cuts disease and salinity, and avoid the excess nitrogen that standing water encourages.",ICRISAT,Tomato,Tanzania,synthetic,,synthetic (CC0)
278,What causes Iron deficiency in Common bean,"Iron deficiency in common bean (Phaseolus vulgaris). Why it happens: High-pH, calcareous or waterlogged soils that make iron insoluble, rather than a true shortage of iron in the soil.",ICRISAT,Common bean,Tanzania,synthetic,,synthetic (CC0)
279,Telling Iron deficiency in Common bean apart from look-alikes,"Iron deficiency in common bean (Phaseolus vulgaris). How to tell it apart from similar deficiencies: Because Iron is not mobile in the plant, the symptoms strike the YOUNGEST, upper leaves first. This separates it from mobile-nutrient shortages such as nitrogen, potassium or magnesium, which begin on the OLDER lower leaves. Confirm with a soil or leaf test before treating.",CGIAR,Common bean,Kenya,synthetic,,synthetic (CC0)
280,Identifying Iron deficiency in Common bean,Iron deficiency in common bean (Phaseolus vulgaris). How to recognise it in the field: Sharp interveinal chlorosis on the YOUNGEST leaves with a fine green vein network on a pale-yellow to almost-white background; older leaves stay green.,ICRISAT,Common bean,Kenya,synthetic,,synthetic (CC0)
281,Correcting Iron deficiency in Common bean (Guinea savanna),"Iron deficiency in common bean (Phaseolus vulgaris). Correcting it in the Guinea savanna, with one long rainy season and moderately fertile soils: Apply iron chelate (Fe-EDDHA on calcareous soils) as a soil or foliar treatment and improve drainage; acidifying the root zone helps. In the Guinea savanna, time operations to the single rains, top-dress at the onset of steady rainfall, and use the long season for a full-duration variety.",IITA,Common bean,Ethiopia,synthetic,,synthetic (CC0)
282,Preventing Iron deficiency in Common bean (Guinea savanna),"Iron deficiency in common bean (Phaseolus vulgaris). Preventing it in the Guinea savanna, with one long rainy season and moderately fertile soils: Avoid over-liming, improve drainage, and choose tolerant varieties on high-pH soils. In the Guinea savanna, time operations to the single rains, top-dress at the onset of steady rainfall, and use the long season for a full-duration variety.",FAO,Common bean,Kenya,synthetic,,synthetic (CC0)
283,Correcting Iron deficiency in Common bean (Highlands),"Iron deficiency in common bean (Phaseolus vulgaris). Correcting it in the cool highlands, where heavy dew and mild temperatures favour foliar fungal diseases: Apply iron chelate (Fe-EDDHA on calcareous soils) as a soil or foliar treatment and improve drainage; acidifying the root zone helps. In the highlands, the long dewy nights drive foliar disease, so prioritise resistant varieties, wider spacing for airflow, and early scouting.",Plantwise,Common bean,Tanzania,synthetic,,synthetic (CC0)
284,Preventing Iron deficiency in Common bean (Highlands),"Iron deficiency in common bean (Phaseolus vulgaris). Preventing it in the cool highlands, where heavy dew and mild temperatures favour foliar fungal diseases: Avoid over-liming, improve drainage, and choose tolerant varieties on high-pH soils. In the highlands, the long dewy nights drive foliar disease, so prioritise resistant varieties, wider spacing for airflow, and early scouting.",IITA,Common bean,Rwanda,synthetic,,synthetic (CC0)
285,What causes Iron deficiency in Rice,"Iron deficiency in rice (Oryza sativa). Why it happens: High-pH, calcareous or waterlogged soils that make iron insoluble, rather than a true shortage of iron in the soil.",CGIAR,Rice,Mali,synthetic,,synthetic (CC0)
286,Telling Iron deficiency in Rice apart from look-alikes,"Iron deficiency in rice (Oryza sativa). How to tell it apart from similar deficiencies: Because Iron is not mobile in the plant, the symptoms strike the YOUNGEST, upper leaves first. This separates it from mobile-nutrient shortages such as nitrogen, potassium or magnesium, which begin on the OLDER lower leaves. Confirm with a soil or leaf test before treating.",IITA,Rice,Tanzania,synthetic,,synthetic (CC0)
287,Identifying Iron deficiency in Rice,Iron deficiency in rice (Oryza sativa). How to recognise it in the field: Sharp interveinal chlorosis on the YOUNGEST leaves with a fine green vein network on a pale-yellow to almost-white background; older leaves stay green.,National Extension Service,Rice,Mali,synthetic,,synthetic (CC0)
288,Correcting Iron deficiency in Rice (Guinea savanna),"Iron deficiency in rice (Oryza sativa). Correcting it in the Guinea savanna, with one long rainy season and moderately fertile soils: Apply iron chelate (Fe-EDDHA on calcareous soils) as a soil or foliar treatment and improve drainage; acidifying the root zone helps. In the Guinea savanna, time operations to the single rains, top-dress at the onset of steady rainfall, and use the long season for a full-duration variety.",IITA,Rice,Mali,synthetic,,synthetic (CC0)
289,Preventing Iron deficiency in Rice (Guinea savanna),"Iron deficiency in rice (Oryza sativa). Preventing it in the Guinea savanna, with one long rainy season and moderately fertile soils: Avoid over-liming, improve drainage, and choose tolerant varieties on high-pH soils. In the Guinea savanna, time operations to the single rains, top-dress at the onset of steady rainfall, and use the long season for a full-duration variety.",National Extension Service,Rice,Nigeria,synthetic,,synthetic (CC0)
290,Correcting Iron deficiency in Rice (Humid forest),"Iron deficiency in rice (Oryza sativa). Correcting it in the humid forest zone, where heavy rainfall leaches and acidifies soils and fungal pressure is high: Apply iron chelate (Fe-EDDHA on calcareous soils) as a soil or foliar treatment and improve drainage; acidifying the root zone helps. In the humid forest, correct soil acidity with lime, watch for rapid fungal spread under the canopy, and improve drainage on the heavy leached soils.",FAO,Rice,Senegal,synthetic,,synthetic (CC0)
291,Preventing Iron deficiency in Rice (Humid forest),"Iron deficiency in rice (Oryza sativa). Preventing it in the humid forest zone, where heavy rainfall leaches and acidifies soils and fungal pressure is high: Avoid over-liming, improve drainage, and choose tolerant varieties on high-pH soils. In the humid forest, correct soil acidity with lime, watch for rapid fungal spread under the canopy, and improve drainage on the heavy leached soils.",National Extension Service,Rice,Senegal,synthetic,,synthetic (CC0)
292,Correcting Iron deficiency in Rice (Irrigated lowland),"Iron deficiency in rice (Oryza sativa). Correcting it in irrigated lowlands, where standing water and continuous cropping raise disease and salinity risk: Apply iron chelate (Fe-EDDHA on calcareous soils) as a soil or foliar treatment and improve drainage; acidifying the root zone helps. Under irrigation, manage water carefully: intermittent draining cuts disease and salinity, and avoid the excess nitrogen that standing water encourages.",FAO,Rice,Nigeria,synthetic,,synthetic (CC0)
293,Preventing Iron deficiency in Rice (Irrigated lowland),"Iron deficiency in rice (Oryza sativa). Preventing it in irrigated lowlands, where standing water and continuous cropping raise disease and salinity risk: Avoid over-liming, improve drainage, and choose tolerant varieties on high-pH soils. Under irrigation, manage water carefully: intermittent draining cuts disease and salinity, and avoid the excess nitrogen that standing water encourages.",National Extension Service,Rice,Tanzania,synthetic,,synthetic (CC0)
294,What causes Iron deficiency in Tomato,"Iron deficiency in tomato (Solanum lycopersicum). Why it happens: High-pH, calcareous or waterlogged soils that make iron insoluble, rather than a true shortage of iron in the soil.",IITA,Tomato,Nigeria,synthetic,,synthetic (CC0)
295,Telling Iron deficiency in Tomato apart from look-alikes,"Iron deficiency in tomato (Solanum lycopersicum). How to tell it apart from similar deficiencies: Because Iron is not mobile in the plant, the symptoms strike the YOUNGEST, upper leaves first. This separates it from mobile-nutrient shortages such as nitrogen, potassium or magnesium, which begin on the OLDER lower leaves. Confirm with a soil or leaf test before treating.",CGIAR,Tomato,Egypt,synthetic,,synthetic (CC0)
296,Identifying Iron deficiency in Tomato,Iron deficiency in tomato (Solanum lycopersicum). How to recognise it in the field: Sharp interveinal chlorosis on the YOUNGEST leaves with a fine green vein network on a pale-yellow to almost-white background; older leaves stay green.,National Extension Service,Tomato,Nigeria,synthetic,,synthetic (CC0)
297,Correcting Iron deficiency in Tomato (Guinea savanna),"Iron deficiency in tomato (Solanum lycopersicum). Correcting it in the Guinea savanna, with one long rainy season and moderately fertile soils: Apply iron chelate (Fe-EDDHA on calcareous soils) as a soil or foliar treatment and improve drainage; acidifying the root zone helps. In the Guinea savanna, time operations to the single rains, top-dress at the onset of steady rainfall, and use the long season for a full-duration variety.",National Extension Service,Tomato,Tanzania,synthetic,,synthetic (CC0)
298,Preventing Iron deficiency in Tomato (Guinea savanna),"Iron deficiency in tomato (Solanum lycopersicum). Preventing it in the Guinea savanna, with one long rainy season and moderately fertile soils: Avoid over-liming, improve drainage, and choose tolerant varieties on high-pH soils. In the Guinea savanna, time operations to the single rains, top-dress at the onset of steady rainfall, and use the long season for a full-duration variety.",IITA,Tomato,Egypt,synthetic,,synthetic (CC0)
299,Correcting Iron deficiency in Tomato (Highlands),"Iron deficiency in tomato (Solanum lycopersicum). Correcting it in the cool highlands, where heavy dew and mild temperatures favour foliar fungal diseases: Apply iron chelate (Fe-EDDHA on calcareous soils) as a soil or foliar treatment and improve drainage; acidifying the root zone helps. In the highlands, the long dewy nights drive foliar disease, so prioritise resistant varieties, wider spacing for airflow, and early scouting.",FAO,Tomato,Egypt,synthetic,,synthetic (CC0)
300,Preventing Iron deficiency in Tomato (Highlands),"Iron deficiency in tomato (Solanum lycopersicum). Preventing it in the cool highlands, where heavy dew and mild temperatures favour foliar fungal diseases: Avoid over-liming, improve drainage, and choose tolerant varieties on high-pH soils. In the highlands, the long dewy nights drive foliar disease, so prioritise resistant varieties, wider spacing for airflow, and early scouting.",CGIAR,Tomato,Kenya,synthetic,,synthetic (CC0)
301,Correcting Iron deficiency in Tomato (Irrigated lowland),"Iron deficiency in tomato (Solanum lycopersicum). Correcting it in irrigated lowlands, where standing water and continuous cropping raise disease and salinity risk: Apply iron chelate (Fe-EDDHA on calcareous soils) as a soil or foliar treatment and improve drainage; acidifying the root zone helps. Under irrigation, manage water carefully: intermittent draining cuts disease and salinity, and avoid the excess nitrogen that standing water encourages.",AGRA,Tomato,Nigeria,synthetic,,synthetic (CC0)
302,Preventing Iron deficiency in Tomato (Irrigated lowland),"Iron deficiency in tomato (Solanum lycopersicum). Preventing it in irrigated lowlands, where standing water and continuous cropping raise disease and salinity risk: Avoid over-liming, improve drainage, and choose tolerant varieties on high-pH soils. Under irrigation, manage water carefully: intermittent draining cuts disease and salinity, and avoid the excess nitrogen that standing water encourages.",AGRA,Tomato,Egypt,synthetic,,synthetic (CC0)
303,What causes Magnesium deficiency in Cocoa,"Magnesium deficiency in cocoa (Theobroma cacao). Why it happens: Sandy acid soils, leaching, and over-application of potassium or calcium that competes with magnesium uptake.",IITA,Cocoa,Côte d'Ivoire,synthetic,,synthetic (CC0)
304,Telling Magnesium deficiency in Cocoa apart from look-alikes,"Magnesium deficiency in cocoa (Theobroma cacao). How to tell it apart from similar deficiencies: Because Magnesium is mobile in the plant, the symptoms appear on the OLDER, lower leaves first. This separates it from immobile-nutrient shortages such as zinc, iron, sulphur or boron, whose symptoms strike the YOUNGEST upper leaves. Confirm with a soil or leaf test before treating.",National Extension Service,Cocoa,Côte d'Ivoire,synthetic,,synthetic (CC0)
305,Identifying Magnesium deficiency in Cocoa,"Magnesium deficiency in cocoa (Theobroma cacao). How to recognise it in the field: Interveinal chlorosis on the OLDER leaves, producing a striped or marbled look with green veins and yellow (sometimes reddish) tissue between them; severe cases show leaf-margin death.",National Extension Service,Cocoa,Cameroon,synthetic,,synthetic (CC0)
306,Correcting Magnesium deficiency in Cocoa (Humid forest),"Magnesium deficiency in cocoa (Theobroma cacao). Correcting it in the humid forest zone, where heavy rainfall leaches and acidifies soils and fungal pressure is high: Apply magnesium sulphate (Epsom salt) as a foliar spray for fast correction, or dolomitic lime to the soil to supply magnesium and raise pH together. In the humid forest, correct soil acidity with lime, watch for rapid fungal spread under the canopy, and improve drainage on the heavy leached soils.",CGIAR,Cocoa,Côte d'Ivoire,synthetic,,synthetic (CC0)
307,Preventing Magnesium deficiency in Cocoa (Humid forest),"Magnesium deficiency in cocoa (Theobroma cacao). Preventing it in the humid forest zone, where heavy rainfall leaches and acidifies soils and fungal pressure is high: Use dolomitic lime on acid soils and avoid excessive potassium fertilisation. In the humid forest, correct soil acidity with lime, watch for rapid fungal spread under the canopy, and improve drainage on the heavy leached soils.",FAO,Cocoa,Côte d'Ivoire,synthetic,,synthetic (CC0)
308,What causes Magnesium deficiency in Maize,"Magnesium deficiency in maize (Zea mays). Why it happens: Sandy acid soils, leaching, and over-application of potassium or calcium that competes with magnesium uptake.",National Extension Service,Maize,Nigeria,synthetic,,synthetic (CC0)
309,Telling Magnesium deficiency in Maize apart from look-alikes,"Magnesium deficiency in maize (Zea mays). How to tell it apart from similar deficiencies: Because Magnesium is mobile in the plant, the symptoms appear on the OLDER, lower leaves first. This separates it from immobile-nutrient shortages such as zinc, iron, sulphur or boron, whose symptoms strike the YOUNGEST upper leaves. Confirm with a soil or leaf test before treating.",ICRISAT,Maize,Zambia,synthetic,,synthetic (CC0)
310,Identifying Magnesium deficiency in Maize,"Magnesium deficiency in maize (Zea mays). How to recognise it in the field: Interveinal chlorosis on the OLDER leaves, producing a striped or marbled look with green veins and yellow (sometimes reddish) tissue between them; severe cases show leaf-margin death.",CGIAR,Maize,Zambia,synthetic,,synthetic (CC0)
311,Correcting Magnesium deficiency in Maize (Guinea savanna),"Magnesium deficiency in maize (Zea mays). Correcting it in the Guinea savanna, with one long rainy season and moderately fertile soils: Apply magnesium sulphate (Epsom salt) as a foliar spray for fast correction, or dolomitic lime to the soil to supply magnesium and raise pH together. In the Guinea savanna, time operations to the single rains, top-dress at the onset of steady rainfall, and use the long season for a full-duration variety.",Plantwise,Maize,Tanzania,synthetic,,synthetic (CC0)
312,Preventing Magnesium deficiency in Maize (Guinea savanna),"Magnesium deficiency in maize (Zea mays). Preventing it in the Guinea savanna, with one long rainy season and moderately fertile soils: Use dolomitic lime on acid soils and avoid excessive potassium fertilisation. In the Guinea savanna, time operations to the single rains, top-dress at the onset of steady rainfall, and use the long season for a full-duration variety.",IITA,Maize,Zambia,synthetic,,synthetic (CC0)
313,Correcting Magnesium deficiency in Maize (Highlands),"Magnesium deficiency in maize (Zea mays). Correcting it in the cool highlands, where heavy dew and mild temperatures favour foliar fungal diseases: Apply magnesium sulphate (Epsom salt) as a foliar spray for fast correction, or dolomitic lime to the soil to supply magnesium and raise pH together. In the highlands, the long dewy nights drive foliar disease, so prioritise resistant varieties, wider spacing for airflow, and early scouting.",ICRISAT,Maize,Tanzania,synthetic,,synthetic (CC0)
314,Preventing Magnesium deficiency in Maize (Highlands),"Magnesium deficiency in maize (Zea mays). Preventing it in the cool highlands, where heavy dew and mild temperatures favour foliar fungal diseases: Use dolomitic lime on acid soils and avoid excessive potassium fertilisation. In the highlands, the long dewy nights drive foliar disease, so prioritise resistant varieties, wider spacing for airflow, and early scouting.",FAO,Maize,Zambia,synthetic,,synthetic (CC0)
315,Correcting Magnesium deficiency in Maize (Humid forest),"Magnesium deficiency in maize (Zea mays). Correcting it in the humid forest zone, where heavy rainfall leaches and acidifies soils and fungal pressure is high: Apply magnesium sulphate (Epsom salt) as a foliar spray for fast correction, or dolomitic lime to the soil to supply magnesium and raise pH together. In the humid forest, correct soil acidity with lime, watch for rapid fungal spread under the canopy, and improve drainage on the heavy leached soils.",ICRISAT,Maize,Ghana,synthetic,,synthetic (CC0)
316,Preventing Magnesium deficiency in Maize (Humid forest),"Magnesium deficiency in maize (Zea mays). Preventing it in the humid forest zone, where heavy rainfall leaches and acidifies soils and fungal pressure is high: Use dolomitic lime on acid soils and avoid excessive potassium fertilisation. In the humid forest, correct soil acidity with lime, watch for rapid fungal spread under the canopy, and improve drainage on the heavy leached soils.",AGRA,Maize,Zambia,synthetic,,synthetic (CC0)
317,What causes Magnesium deficiency in Plantain,"Magnesium deficiency in plantain (Musa paradisiaca). Why it happens: Sandy acid soils, leaching, and over-application of potassium or calcium that competes with magnesium uptake.",Plantwise,Plantain,Uganda,synthetic,,synthetic (CC0)
318,Telling Magnesium deficiency in Plantain apart from look-alikes,"Magnesium deficiency in plantain (Musa paradisiaca). How to tell it apart from similar deficiencies: Because Magnesium is mobile in the plant, the symptoms appear on the OLDER, lower leaves first. This separates it from immobile-nutrient shortages such as zinc, iron, sulphur or boron, whose symptoms strike the YOUNGEST upper leaves. Confirm with a soil or leaf test before treating.",FAO,Plantain,Nigeria,synthetic,,synthetic (CC0)
319,Identifying Magnesium deficiency in Plantain,"Magnesium deficiency in plantain (Musa paradisiaca). How to recognise it in the field: Interveinal chlorosis on the OLDER leaves, producing a striped or marbled look with green veins and yellow (sometimes reddish) tissue between them; severe cases show leaf-margin death.",ICRISAT,Plantain,Nigeria,synthetic,,synthetic (CC0)
320,Correcting Magnesium deficiency in Plantain (Highlands),"Magnesium deficiency in plantain (Musa paradisiaca). Correcting it in the cool highlands, where heavy dew and mild temperatures favour foliar fungal diseases: Apply magnesium sulphate (Epsom salt) as a foliar spray for fast correction, or dolomitic lime to the soil to supply magnesium and raise pH together. In the highlands, the long dewy nights drive foliar disease, so prioritise resistant varieties, wider spacing for airflow, and early scouting.",CGIAR,Plantain,Cameroon,synthetic,,synthetic (CC0)
321,Preventing Magnesium deficiency in Plantain (Highlands),"Magnesium deficiency in plantain (Musa paradisiaca). Preventing it in the cool highlands, where heavy dew and mild temperatures favour foliar fungal diseases: Use dolomitic lime on acid soils and avoid excessive potassium fertilisation. In the highlands, the long dewy nights drive foliar disease, so prioritise resistant varieties, wider spacing for airflow, and early scouting.",IITA,Plantain,Uganda,synthetic,,synthetic (CC0)
322,Correcting Magnesium deficiency in Plantain (Humid forest),"Magnesium deficiency in plantain (Musa paradisiaca). Correcting it in the humid forest zone, where heavy rainfall leaches and acidifies soils and fungal pressure is high: Apply magnesium sulphate (Epsom salt) as a foliar spray for fast correction, or dolomitic lime to the soil to supply magnesium and raise pH together. In the humid forest, correct soil acidity with lime, watch for rapid fungal spread under the canopy, and improve drainage on the heavy leached soils.",ICRISAT,Plantain,Nigeria,synthetic,,synthetic (CC0)
323,Preventing Magnesium deficiency in Plantain (Humid forest),"Magnesium deficiency in plantain (Musa paradisiaca). Preventing it in the humid forest zone, where heavy rainfall leaches and acidifies soils and fungal pressure is high: Use dolomitic lime on acid soils and avoid excessive potassium fertilisation. In the humid forest, correct soil acidity with lime, watch for rapid fungal spread under the canopy, and improve drainage on the heavy leached soils.",National Extension Service,Plantain,Ghana,synthetic,,synthetic (CC0)
324,What causes Magnesium deficiency in Tomato,"Magnesium deficiency in tomato (Solanum lycopersicum). Why it happens: Sandy acid soils, leaching, and over-application of potassium or calcium that competes with magnesium uptake.",FAO,Tomato,Kenya,synthetic,,synthetic (CC0)
325,Telling Magnesium deficiency in Tomato apart from look-alikes,"Magnesium deficiency in tomato (Solanum lycopersicum). How to tell it apart from similar deficiencies: Because Magnesium is mobile in the plant, the symptoms appear on the OLDER, lower leaves first. This separates it from immobile-nutrient shortages such as zinc, iron, sulphur or boron, whose symptoms strike the YOUNGEST upper leaves. Confirm with a soil or leaf test before treating.",National Extension Service,Tomato,Tanzania,synthetic,,synthetic (CC0)
326,Identifying Magnesium deficiency in Tomato,"Magnesium deficiency in tomato (Solanum lycopersicum). How to recognise it in the field: Interveinal chlorosis on the OLDER leaves, producing a striped or marbled look with green veins and yellow (sometimes reddish) tissue between them; severe cases show leaf-margin death.",FAO,Tomato,Kenya,synthetic,,synthetic (CC0)
327,Correcting Magnesium deficiency in Tomato (Guinea savanna),"Magnesium deficiency in tomato (Solanum lycopersicum). Correcting it in the Guinea savanna, with one long rainy season and moderately fertile soils: Apply magnesium sulphate (Epsom salt) as a foliar spray for fast correction, or dolomitic lime to the soil to supply magnesium and raise pH together. In the Guinea savanna, time operations to the single rains, top-dress at the onset of steady rainfall, and use the long season for a full-duration variety.",CGIAR,Tomato,Tanzania,synthetic,,synthetic (CC0)
328,Preventing Magnesium deficiency in Tomato (Guinea savanna),"Magnesium deficiency in tomato (Solanum lycopersicum). Preventing it in the Guinea savanna, with one long rainy season and moderately fertile soils: Use dolomitic lime on acid soils and avoid excessive potassium fertilisation. In the Guinea savanna, time operations to the single rains, top-dress at the onset of steady rainfall, and use the long season for a full-duration variety.",National Extension Service,Tomato,Tanzania,synthetic,,synthetic (CC0)
329,Correcting Magnesium deficiency in Tomato (Highlands),"Magnesium deficiency in tomato (Solanum lycopersicum). Correcting it in the cool highlands, where heavy dew and mild temperatures favour foliar fungal diseases: Apply magnesium sulphate (Epsom salt) as a foliar spray for fast correction, or dolomitic lime to the soil to supply magnesium and raise pH together. In the highlands, the long dewy nights drive foliar disease, so prioritise resistant varieties, wider spacing for airflow, and early scouting.",FAO,Tomato,Kenya,synthetic,,synthetic (CC0)
330,Preventing Magnesium deficiency in Tomato (Highlands),"Magnesium deficiency in tomato (Solanum lycopersicum). Preventing it in the cool highlands, where heavy dew and mild temperatures favour foliar fungal diseases: Use dolomitic lime on acid soils and avoid excessive potassium fertilisation. In the highlands, the long dewy nights drive foliar disease, so prioritise resistant varieties, wider spacing for airflow, and early scouting.",National Extension Service,Tomato,Tanzania,synthetic,,synthetic (CC0)
331,Correcting Magnesium deficiency in Tomato (Irrigated lowland),"Magnesium deficiency in tomato (Solanum lycopersicum). Correcting it in irrigated lowlands, where standing water and continuous cropping raise disease and salinity risk: Apply magnesium sulphate (Epsom salt) as a foliar spray for fast correction, or dolomitic lime to the soil to supply magnesium and raise pH together. Under irrigation, manage water carefully: intermittent draining cuts disease and salinity, and avoid the excess nitrogen that standing water encourages.",AGRA,Tomato,Nigeria,synthetic,,synthetic (CC0)
332,Preventing Magnesium deficiency in Tomato (Irrigated lowland),"Magnesium deficiency in tomato (Solanum lycopersicum). Preventing it in irrigated lowlands, where standing water and continuous cropping raise disease and salinity risk: Use dolomitic lime on acid soils and avoid excessive potassium fertilisation. Under irrigation, manage water carefully: intermittent draining cuts disease and salinity, and avoid the excess nitrogen that standing water encourages.",National Extension Service,Tomato,Kenya,synthetic,,synthetic (CC0)
333,What causes Nitrogen deficiency in Cassava,"Nitrogen deficiency in cassava (Manihot esculenta). Why it happens: Low soil organic matter, heavy leaching after intense rain on sandy soils, continuous cropping without fertiliser, and waterlogging that limits root uptake. Nitrogen is the nutrient most often deficient in tropical smallholder soils.",Plantwise,Cassava,Nigeria,synthetic,,synthetic (CC0)
334,Telling Nitrogen deficiency in Cassava apart from look-alikes,"Nitrogen deficiency in cassava (Manihot esculenta). How to tell it apart from similar deficiencies: Because Nitrogen is mobile in the plant, the symptoms appear on the OLDER, lower leaves first. This separates it from immobile-nutrient shortages such as zinc, iron, sulphur or boron, whose symptoms strike the YOUNGEST upper leaves. Confirm with a soil or leaf test before treating.",AGRA,Cassava,DR Congo,synthetic,,synthetic (CC0)
335,Identifying Nitrogen deficiency in Cassava,"Nitrogen deficiency in cassava (Manihot esculenta). How to recognise it in the field: Uniform pale-green to yellow (chlorosis) of the OLDER, lower leaves first, because nitrogen is mobile and the plant moves it to new growth. In cereals a characteristic V-shaped yellowing runs from the leaf tip down the midrib. Plants are stunted, spindly and pale overall.",FAO,Cassava,Nigeria,synthetic,,synthetic (CC0)
336,Correcting Nitrogen deficiency in Cassava (Guinea savanna),"Nitrogen deficiency in cassava (Manihot esculenta). Correcting it in the Guinea savanna, with one long rainy season and moderately fertile soils: Top-dress with urea (46% N) or CAN, splitting the rate so part goes on at planting and the rest at active vegetative growth. A foliar urea spray (1-2%) gives a fast green-up. Incorporate well-rotted manure or a legume green manure. In the Guinea savanna, time operations to the single rains, top-dress at the onset of steady rainfall, and use the long season for a full-duration variety.",National Extension Service,Cassava,Ghana,synthetic,,synthetic (CC0)
337,Preventing Nitrogen deficiency in Cassava (Guinea savanna),"Nitrogen deficiency in cassava (Manihot esculenta). Preventing it in the Guinea savanna, with one long rainy season and moderately fertile soils: Rotate cereals with legumes (cowpea, groundnut) that fix nitrogen, return crop residues, and apply nitrogen in split doses to match crop demand and cut leaching losses. In the Guinea savanna, time operations to the single rains, top-dress at the onset of steady rainfall, and use the long season for a full-duration variety.",ICRISAT,Cassava,Nigeria,synthetic,,synthetic (CC0)
338,Correcting Nitrogen deficiency in Cassava (Humid forest),"Nitrogen deficiency in cassava (Manihot esculenta). Correcting it in the humid forest zone, where heavy rainfall leaches and acidifies soils and fungal pressure is high: Top-dress with urea (46% N) or CAN, splitting the rate so part goes on at planting and the rest at active vegetative growth. A foliar urea spray (1-2%) gives a fast green-up. Incorporate well-rotted manure or a legume green manure. In the humid forest, correct soil acidity with lime, watch for rapid fungal spread under the canopy, and improve drainage on the heavy leached soils.",ICRISAT,Cassava,DR Congo,synthetic,,synthetic (CC0)
339,Preventing Nitrogen deficiency in Cassava (Humid forest),"Nitrogen deficiency in cassava (Manihot esculenta). Preventing it in the humid forest zone, where heavy rainfall leaches and acidifies soils and fungal pressure is high: Rotate cereals with legumes (cowpea, groundnut) that fix nitrogen, return crop residues, and apply nitrogen in split doses to match crop demand and cut leaching losses. In the humid forest, correct soil acidity with lime, watch for rapid fungal spread under the canopy, and improve drainage on the heavy leached soils.",Plantwise,Cassava,Nigeria,synthetic,,synthetic (CC0)
340,Correcting Nitrogen deficiency in Cassava (Sahel),"Nitrogen deficiency in cassava (Manihot esculenta). Correcting it in the hot semi-arid Sahel, where rains are short and erratic and sandy soils leach nutrients quickly: Top-dress with urea (46% N) or CAN, splitting the rate so part goes on at planting and the rest at active vegetative growth. A foliar urea spray (1-2%) gives a fast green-up. Incorporate well-rotted manure or a legume green manure. Because sandy Sahelian soils leach fast, split applications finely, micro-dose into the planting hole, and conserve every drop of moisture with mulch and tied ridges.",ICRISAT,Cassava,Tanzania,synthetic,,synthetic (CC0)
341,Preventing Nitrogen deficiency in Cassava (Sahel),"Nitrogen deficiency in cassava (Manihot esculenta). Preventing it in the hot semi-arid Sahel, where rains are short and erratic and sandy soils leach nutrients quickly: Rotate cereals with legumes (cowpea, groundnut) that fix nitrogen, return crop residues, and apply nitrogen in split doses to match crop demand and cut leaching losses. Because sandy Sahelian soils leach fast, split applications finely, micro-dose into the planting hole, and conserve every drop of moisture with mulch and tied ridges.",National Extension Service,Cassava,Ghana,synthetic,,synthetic (CC0)
342,What causes Nitrogen deficiency in Maize,"Nitrogen deficiency in maize (Zea mays). Why it happens: Low soil organic matter, heavy leaching after intense rain on sandy soils, continuous cropping without fertiliser, and waterlogging that limits root uptake. Nitrogen is the nutrient most often deficient in tropical smallholder soils.",ICRISAT,Maize,Nigeria,synthetic,,synthetic (CC0)
343,Telling Nitrogen deficiency in Maize apart from look-alikes,"Nitrogen deficiency in maize (Zea mays). How to tell it apart from similar deficiencies: Because Nitrogen is mobile in the plant, the symptoms appear on the OLDER, lower leaves first. This separates it from immobile-nutrient shortages such as zinc, iron, sulphur or boron, whose symptoms strike the YOUNGEST upper leaves. Confirm with a soil or leaf test before treating.",AGRA,Maize,Tanzania,synthetic,,synthetic (CC0)
344,Identifying Nitrogen deficiency in Maize,"Nitrogen deficiency in maize (Zea mays). How to recognise it in the field: Uniform pale-green to yellow (chlorosis) of the OLDER, lower leaves first, because nitrogen is mobile and the plant moves it to new growth. In cereals a characteristic V-shaped yellowing runs from the leaf tip down the midrib. Plants are stunted, spindly and pale overall.",CGIAR,Maize,Nigeria,synthetic,,synthetic (CC0)
345,Correcting Nitrogen deficiency in Maize (Guinea savanna),"Nitrogen deficiency in maize (Zea mays). Correcting it in the Guinea savanna, with one long rainy season and moderately fertile soils: Top-dress with urea (46% N) or CAN, splitting the rate so part goes on at planting and the rest at active vegetative growth. A foliar urea spray (1-2%) gives a fast green-up. Incorporate well-rotted manure or a legume green manure. In the Guinea savanna, time operations to the single rains, top-dress at the onset of steady rainfall, and use the long season for a full-duration variety.",National Extension Service,Maize,Kenya,synthetic,,synthetic (CC0)
346,Preventing Nitrogen deficiency in Maize (Guinea savanna),"Nitrogen deficiency in maize (Zea mays). Preventing it in the Guinea savanna, with one long rainy season and moderately fertile soils: Rotate cereals with legumes (cowpea, groundnut) that fix nitrogen, return crop residues, and apply nitrogen in split doses to match crop demand and cut leaching losses. In the Guinea savanna, time operations to the single rains, top-dress at the onset of steady rainfall, and use the long season for a full-duration variety.",IITA,Maize,Kenya,synthetic,,synthetic (CC0)
347,Correcting Nitrogen deficiency in Maize (Highlands),"Nitrogen deficiency in maize (Zea mays). Correcting it in the cool highlands, where heavy dew and mild temperatures favour foliar fungal diseases: Top-dress with urea (46% N) or CAN, splitting the rate so part goes on at planting and the rest at active vegetative growth. A foliar urea spray (1-2%) gives a fast green-up. Incorporate well-rotted manure or a legume green manure. In the highlands, the long dewy nights drive foliar disease, so prioritise resistant varieties, wider spacing for airflow, and early scouting.",FAO,Maize,Kenya,synthetic,,synthetic (CC0)
348,Preventing Nitrogen deficiency in Maize (Highlands),"Nitrogen deficiency in maize (Zea mays). Preventing it in the cool highlands, where heavy dew and mild temperatures favour foliar fungal diseases: Rotate cereals with legumes (cowpea, groundnut) that fix nitrogen, return crop residues, and apply nitrogen in split doses to match crop demand and cut leaching losses. In the highlands, the long dewy nights drive foliar disease, so prioritise resistant varieties, wider spacing for airflow, and early scouting.",AGRA,Maize,Nigeria,synthetic,,synthetic (CC0)
349,Correcting Nitrogen deficiency in Maize (Humid forest),"Nitrogen deficiency in maize (Zea mays). Correcting it in the humid forest zone, where heavy rainfall leaches and acidifies soils and fungal pressure is high: Top-dress with urea (46% N) or CAN, splitting the rate so part goes on at planting and the rest at active vegetative growth. A foliar urea spray (1-2%) gives a fast green-up. Incorporate well-rotted manure or a legume green manure. In the humid forest, correct soil acidity with lime, watch for rapid fungal spread under the canopy, and improve drainage on the heavy leached soils.",AGRA,Maize,Ghana,synthetic,,synthetic (CC0)
350,Preventing Nitrogen deficiency in Maize (Humid forest),"Nitrogen deficiency in maize (Zea mays). Preventing it in the humid forest zone, where heavy rainfall leaches and acidifies soils and fungal pressure is high: Rotate cereals with legumes (cowpea, groundnut) that fix nitrogen, return crop residues, and apply nitrogen in split doses to match crop demand and cut leaching losses. In the humid forest, correct soil acidity with lime, watch for rapid fungal spread under the canopy, and improve drainage on the heavy leached soils.",CGIAR,Maize,Nigeria,synthetic,,synthetic (CC0)
351,What causes Nitrogen deficiency in Pearl millet,"Nitrogen deficiency in pearl millet (Pennisetum glaucum). Why it happens: Low soil organic matter, heavy leaching after intense rain on sandy soils, continuous cropping without fertiliser, and waterlogging that limits root uptake. Nitrogen is the nutrient most often deficient in tropical smallholder soils.",National Extension Service,Pearl millet,Mali,synthetic,,synthetic (CC0)
352,Telling Nitrogen deficiency in Pearl millet apart from look-alikes,"Nitrogen deficiency in pearl millet (Pennisetum glaucum). How to tell it apart from similar deficiencies: Because Nitrogen is mobile in the plant, the symptoms appear on the OLDER, lower leaves first. This separates it from immobile-nutrient shortages such as zinc, iron, sulphur or boron, whose symptoms strike the YOUNGEST upper leaves. Confirm with a soil or leaf test before treating.",AGRA,Pearl millet,Niger,synthetic,,synthetic (CC0)
353,Identifying Nitrogen deficiency in Pearl millet,"Nitrogen deficiency in pearl millet (Pennisetum glaucum). How to recognise it in the field: Uniform pale-green to yellow (chlorosis) of the OLDER, lower leaves first, because nitrogen is mobile and the plant moves it to new growth. In cereals a characteristic V-shaped yellowing runs from the leaf tip down the midrib. Plants are stunted, spindly and pale overall.",AGRA,Pearl millet,Burkina Faso,synthetic,,synthetic (CC0)
354,Correcting Nitrogen deficiency in Pearl millet (Guinea savanna),"Nitrogen deficiency in pearl millet (Pennisetum glaucum). Correcting it in the Guinea savanna, with one long rainy season and moderately fertile soils: Top-dress with urea (46% N) or CAN, splitting the rate so part goes on at planting and the rest at active vegetative growth. A foliar urea spray (1-2%) gives a fast green-up. Incorporate well-rotted manure or a legume green manure. In the Guinea savanna, time operations to the single rains, top-dress at the onset of steady rainfall, and use the long season for a full-duration variety.",ICRISAT,Pearl millet,Nigeria,synthetic,,synthetic (CC0)
355,Preventing Nitrogen deficiency in Pearl millet (Guinea savanna),"Nitrogen deficiency in pearl millet (Pennisetum glaucum). Preventing it in the Guinea savanna, with one long rainy season and moderately fertile soils: Rotate cereals with legumes (cowpea, groundnut) that fix nitrogen, return crop residues, and apply nitrogen in split doses to match crop demand and cut leaching losses. In the Guinea savanna, time operations to the single rains, top-dress at the onset of steady rainfall, and use the long season for a full-duration variety.",FAO,Pearl millet,Senegal,synthetic,,synthetic (CC0)
356,Correcting Nitrogen deficiency in Pearl millet (Sahel),"Nitrogen deficiency in pearl millet (Pennisetum glaucum). Correcting it in the hot semi-arid Sahel, where rains are short and erratic and sandy soils leach nutrients quickly: Top-dress with urea (46% N) or CAN, splitting the rate so part goes on at planting and the rest at active vegetative growth. A foliar urea spray (1-2%) gives a fast green-up. Incorporate well-rotted manure or a legume green manure. Because sandy Sahelian soils leach fast, split applications finely, micro-dose into the planting hole, and conserve every drop of moisture with mulch and tied ridges.",National Extension Service,Pearl millet,Mali,synthetic,,synthetic (CC0)
357,Preventing Nitrogen deficiency in Pearl millet (Sahel),"Nitrogen deficiency in pearl millet (Pennisetum glaucum). Preventing it in the hot semi-arid Sahel, where rains are short and erratic and sandy soils leach nutrients quickly: Rotate cereals with legumes (cowpea, groundnut) that fix nitrogen, return crop residues, and apply nitrogen in split doses to match crop demand and cut leaching losses. Because sandy Sahelian soils leach fast, split applications finely, micro-dose into the planting hole, and conserve every drop of moisture with mulch and tied ridges.",Plantwise,Pearl millet,Mali,synthetic,,synthetic (CC0)
358,What causes Nitrogen deficiency in Plantain,"Nitrogen deficiency in plantain (Musa paradisiaca). Why it happens: Low soil organic matter, heavy leaching after intense rain on sandy soils, continuous cropping without fertiliser, and waterlogging that limits root uptake. Nitrogen is the nutrient most often deficient in tropical smallholder soils.",AGRA,Plantain,Cameroon,synthetic,,synthetic (CC0)
359,Telling Nitrogen deficiency in Plantain apart from look-alikes,"Nitrogen deficiency in plantain (Musa paradisiaca). How to tell it apart from similar deficiencies: Because Nitrogen is mobile in the plant, the symptoms appear on the OLDER, lower leaves first. This separates it from immobile-nutrient shortages such as zinc, iron, sulphur or boron, whose symptoms strike the YOUNGEST upper leaves. Confirm with a soil or leaf test before treating.",IITA,Plantain,DR Congo,synthetic,,synthetic (CC0)
360,Identifying Nitrogen deficiency in Plantain,"Nitrogen deficiency in plantain (Musa paradisiaca). How to recognise it in the field: Uniform pale-green to yellow (chlorosis) of the OLDER, lower leaves first, because nitrogen is mobile and the plant moves it to new growth. In cereals a characteristic V-shaped yellowing runs from the leaf tip down the midrib. Plants are stunted, spindly and pale overall.",AGRA,Plantain,Cameroon,synthetic,,synthetic (CC0)
361,Correcting Nitrogen deficiency in Plantain (Highlands),"Nitrogen deficiency in plantain (Musa paradisiaca). Correcting it in the cool highlands, where heavy dew and mild temperatures favour foliar fungal diseases: Top-dress with urea (46% N) or CAN, splitting the rate so part goes on at planting and the rest at active vegetative growth. A foliar urea spray (1-2%) gives a fast green-up. Incorporate well-rotted manure or a legume green manure. In the highlands, the long dewy nights drive foliar disease, so prioritise resistant varieties, wider spacing for airflow, and early scouting.",ICRISAT,Plantain,Cameroon,synthetic,,synthetic (CC0)
362,Preventing Nitrogen deficiency in Plantain (Highlands),"Nitrogen deficiency in plantain (Musa paradisiaca). Preventing it in the cool highlands, where heavy dew and mild temperatures favour foliar fungal diseases: Rotate cereals with legumes (cowpea, groundnut) that fix nitrogen, return crop residues, and apply nitrogen in split doses to match crop demand and cut leaching losses. In the highlands, the long dewy nights drive foliar disease, so prioritise resistant varieties, wider spacing for airflow, and early scouting.",IITA,Plantain,Ghana,synthetic,,synthetic (CC0)
363,Correcting Nitrogen deficiency in Plantain (Humid forest),"Nitrogen deficiency in plantain (Musa paradisiaca). Correcting it in the humid forest zone, where heavy rainfall leaches and acidifies soils and fungal pressure is high: Top-dress with urea (46% N) or CAN, splitting the rate so part goes on at planting and the rest at active vegetative growth. A foliar urea spray (1-2%) gives a fast green-up. Incorporate well-rotted manure or a legume green manure. In the humid forest, correct soil acidity with lime, watch for rapid fungal spread under the canopy, and improve drainage on the heavy leached soils.",Plantwise,Plantain,Uganda,synthetic,,synthetic (CC0)
364,Preventing Nitrogen deficiency in Plantain (Humid forest),"Nitrogen deficiency in plantain (Musa paradisiaca). Preventing it in the humid forest zone, where heavy rainfall leaches and acidifies soils and fungal pressure is high: Rotate cereals with legumes (cowpea, groundnut) that fix nitrogen, return crop residues, and apply nitrogen in split doses to match crop demand and cut leaching losses. In the humid forest, correct soil acidity with lime, watch for rapid fungal spread under the canopy, and improve drainage on the heavy leached soils.",AGRA,Plantain,DR Congo,synthetic,,synthetic (CC0)
365,What causes Nitrogen deficiency in Rice,"Nitrogen deficiency in rice (Oryza sativa). Why it happens: Low soil organic matter, heavy leaching after intense rain on sandy soils, continuous cropping without fertiliser, and waterlogging that limits root uptake. Nitrogen is the nutrient most often deficient in tropical smallholder soils.",CGIAR,Rice,Madagascar,synthetic,,synthetic (CC0)
366,Telling Nitrogen deficiency in Rice apart from look-alikes,"Nitrogen deficiency in rice (Oryza sativa). How to tell it apart from similar deficiencies: Because Nitrogen is mobile in the plant, the symptoms appear on the OLDER, lower leaves first. This separates it from immobile-nutrient shortages such as zinc, iron, sulphur or boron, whose symptoms strike the YOUNGEST upper leaves. Confirm with a soil or leaf test before treating.",IITA,Rice,Nigeria,synthetic,,synthetic (CC0)
367,Identifying Nitrogen deficiency in Rice,"Nitrogen deficiency in rice (Oryza sativa). How to recognise it in the field: Uniform pale-green to yellow (chlorosis) of the OLDER, lower leaves first, because nitrogen is mobile and the plant moves it to new growth. In cereals a characteristic V-shaped yellowing runs from the leaf tip down the midrib. Plants are stunted, spindly and pale overall.",ICRISAT,Rice,Senegal,synthetic,,synthetic (CC0)
368,Correcting Nitrogen deficiency in Rice (Guinea savanna),"Nitrogen deficiency in rice (Oryza sativa). Correcting it in the Guinea savanna, with one long rainy season and moderately fertile soils: Top-dress with urea (46% N) or CAN, splitting the rate so part goes on at planting and the rest at active vegetative growth. A foliar urea spray (1-2%) gives a fast green-up. Incorporate well-rotted manure or a legume green manure. In the Guinea savanna, time operations to the single rains, top-dress at the onset of steady rainfall, and use the long season for a full-duration variety.",FAO,Rice,Nigeria,synthetic,,synthetic (CC0)
369,Preventing Nitrogen deficiency in Rice (Guinea savanna),"Nitrogen deficiency in rice (Oryza sativa). Preventing it in the Guinea savanna, with one long rainy season and moderately fertile soils: Rotate cereals with legumes (cowpea, groundnut) that fix nitrogen, return crop residues, and apply nitrogen in split doses to match crop demand and cut leaching losses. In the Guinea savanna, time operations to the single rains, top-dress at the onset of steady rainfall, and use the long season for a full-duration variety.",Plantwise,Rice,Nigeria,synthetic,,synthetic (CC0)
370,Correcting Nitrogen deficiency in Rice (Humid forest),"Nitrogen deficiency in rice (Oryza sativa). Correcting it in the humid forest zone, where heavy rainfall leaches and acidifies soils and fungal pressure is high: Top-dress with urea (46% N) or CAN, splitting the rate so part goes on at planting and the rest at active vegetative growth. A foliar urea spray (1-2%) gives a fast green-up. Incorporate well-rotted manure or a legume green manure. In the humid forest, correct soil acidity with lime, watch for rapid fungal spread under the canopy, and improve drainage on the heavy leached soils.",National Extension Service,Rice,Mali,synthetic,,synthetic (CC0)
371,Preventing Nitrogen deficiency in Rice (Humid forest),"Nitrogen deficiency in rice (Oryza sativa). Preventing it in the humid forest zone, where heavy rainfall leaches and acidifies soils and fungal pressure is high: Rotate cereals with legumes (cowpea, groundnut) that fix nitrogen, return crop residues, and apply nitrogen in split doses to match crop demand and cut leaching losses. In the humid forest, correct soil acidity with lime, watch for rapid fungal spread under the canopy, and improve drainage on the heavy leached soils.",AGRA,Rice,Mali,synthetic,,synthetic (CC0)
372,Correcting Nitrogen deficiency in Rice (Irrigated lowland),"Nitrogen deficiency in rice (Oryza sativa). Correcting it in irrigated lowlands, where standing water and continuous cropping raise disease and salinity risk: Top-dress with urea (46% N) or CAN, splitting the rate so part goes on at planting and the rest at active vegetative growth. A foliar urea spray (1-2%) gives a fast green-up. Incorporate well-rotted manure or a legume green manure. Under irrigation, manage water carefully: intermittent draining cuts disease and salinity, and avoid the excess nitrogen that standing water encourages.",AGRA,Rice,Senegal,synthetic,,synthetic (CC0)
373,Preventing Nitrogen deficiency in Rice (Irrigated lowland),"Nitrogen deficiency in rice (Oryza sativa). Preventing it in irrigated lowlands, where standing water and continuous cropping raise disease and salinity risk: Rotate cereals with legumes (cowpea, groundnut) that fix nitrogen, return crop residues, and apply nitrogen in split doses to match crop demand and cut leaching losses. Under irrigation, manage water carefully: intermittent draining cuts disease and salinity, and avoid the excess nitrogen that standing water encourages.",CGIAR,Rice,Senegal,synthetic,,synthetic (CC0)
374,What causes Nitrogen deficiency in Sorghum,"Nitrogen deficiency in sorghum (Sorghum bicolor). Why it happens: Low soil organic matter, heavy leaching after intense rain on sandy soils, continuous cropping without fertiliser, and waterlogging that limits root uptake. Nitrogen is the nutrient most often deficient in tropical smallholder soils.",CGIAR,Sorghum,Mali,synthetic,,synthetic (CC0)
375,Telling Nitrogen deficiency in Sorghum apart from look-alikes,"Nitrogen deficiency in sorghum (Sorghum bicolor). How to tell it apart from similar deficiencies: Because Nitrogen is mobile in the plant, the symptoms appear on the OLDER, lower leaves first. This separates it from immobile-nutrient shortages such as zinc, iron, sulphur or boron, whose symptoms strike the YOUNGEST upper leaves. Confirm with a soil or leaf test before treating.",AGRA,Sorghum,Nigeria,synthetic,,synthetic (CC0)
376,Identifying Nitrogen deficiency in Sorghum,"Nitrogen deficiency in sorghum (Sorghum bicolor). How to recognise it in the field: Uniform pale-green to yellow (chlorosis) of the OLDER, lower leaves first, because nitrogen is mobile and the plant moves it to new growth. In cereals a characteristic V-shaped yellowing runs from the leaf tip down the midrib. Plants are stunted, spindly and pale overall.",IITA,Sorghum,Sudan,synthetic,,synthetic (CC0)
377,Correcting Nitrogen deficiency in Sorghum (Guinea savanna),"Nitrogen deficiency in sorghum (Sorghum bicolor). Correcting it in the Guinea savanna, with one long rainy season and moderately fertile soils: Top-dress with urea (46% N) or CAN, splitting the rate so part goes on at planting and the rest at active vegetative growth. A foliar urea spray (1-2%) gives a fast green-up. Incorporate well-rotted manure or a legume green manure. In the Guinea savanna, time operations to the single rains, top-dress at the onset of steady rainfall, and use the long season for a full-duration variety.",CGIAR,Sorghum,Mali,synthetic,,synthetic (CC0)
378,Preventing Nitrogen deficiency in Sorghum (Guinea savanna),"Nitrogen deficiency in sorghum (Sorghum bicolor). Preventing it in the Guinea savanna, with one long rainy season and moderately fertile soils: Rotate cereals with legumes (cowpea, groundnut) that fix nitrogen, return crop residues, and apply nitrogen in split doses to match crop demand and cut leaching losses. In the Guinea savanna, time operations to the single rains, top-dress at the onset of steady rainfall, and use the long season for a full-duration variety.",National Extension Service,Sorghum,Ethiopia,synthetic,,synthetic (CC0)
379,Correcting Nitrogen deficiency in Sorghum (Sahel),"Nitrogen deficiency in sorghum (Sorghum bicolor). Correcting it in the hot semi-arid Sahel, where rains are short and erratic and sandy soils leach nutrients quickly: Top-dress with urea (46% N) or CAN, splitting the rate so part goes on at planting and the rest at active vegetative growth. A foliar urea spray (1-2%) gives a fast green-up. Incorporate well-rotted manure or a legume green manure. Because sandy Sahelian soils leach fast, split applications finely, micro-dose into the planting hole, and conserve every drop of moisture with mulch and tied ridges.",ICRISAT,Sorghum,Nigeria,synthetic,,synthetic (CC0)
380,Preventing Nitrogen deficiency in Sorghum (Sahel),"Nitrogen deficiency in sorghum (Sorghum bicolor). Preventing it in the hot semi-arid Sahel, where rains are short and erratic and sandy soils leach nutrients quickly: Rotate cereals with legumes (cowpea, groundnut) that fix nitrogen, return crop residues, and apply nitrogen in split doses to match crop demand and cut leaching losses. Because sandy Sahelian soils leach fast, split applications finely, micro-dose into the planting hole, and conserve every drop of moisture with mulch and tied ridges.",Plantwise,Sorghum,Ethiopia,synthetic,,synthetic (CC0)
381,What causes Nitrogen deficiency in Tomato,"Nitrogen deficiency in tomato (Solanum lycopersicum). Why it happens: Low soil organic matter, heavy leaching after intense rain on sandy soils, continuous cropping without fertiliser, and waterlogging that limits root uptake. Nitrogen is the nutrient most often deficient in tropical smallholder soils.",National Extension Service,Tomato,Tanzania,synthetic,,synthetic (CC0)
382,Telling Nitrogen deficiency in Tomato apart from look-alikes,"Nitrogen deficiency in tomato (Solanum lycopersicum). How to tell it apart from similar deficiencies: Because Nitrogen is mobile in the plant, the symptoms appear on the OLDER, lower leaves first. This separates it from immobile-nutrient shortages such as zinc, iron, sulphur or boron, whose symptoms strike the YOUNGEST upper leaves. Confirm with a soil or leaf test before treating.",ICRISAT,Tomato,Nigeria,synthetic,,synthetic (CC0)
383,Identifying Nitrogen deficiency in Tomato,"Nitrogen deficiency in tomato (Solanum lycopersicum). How to recognise it in the field: Uniform pale-green to yellow (chlorosis) of the OLDER, lower leaves first, because nitrogen is mobile and the plant moves it to new growth. In cereals a characteristic V-shaped yellowing runs from the leaf tip down the midrib. Plants are stunted, spindly and pale overall.",AGRA,Tomato,Nigeria,synthetic,,synthetic (CC0)
384,Correcting Nitrogen deficiency in Tomato (Guinea savanna),"Nitrogen deficiency in tomato (Solanum lycopersicum). Correcting it in the Guinea savanna, with one long rainy season and moderately fertile soils: Top-dress with urea (46% N) or CAN, splitting the rate so part goes on at planting and the rest at active vegetative growth. A foliar urea spray (1-2%) gives a fast green-up. Incorporate well-rotted manure or a legume green manure. In the Guinea savanna, time operations to the single rains, top-dress at the onset of steady rainfall, and use the long season for a full-duration variety.",ICRISAT,Tomato,Egypt,synthetic,,synthetic (CC0)
385,Preventing Nitrogen deficiency in Tomato (Guinea savanna),"Nitrogen deficiency in tomato (Solanum lycopersicum). Preventing it in the Guinea savanna, with one long rainy season and moderately fertile soils: Rotate cereals with legumes (cowpea, groundnut) that fix nitrogen, return crop residues, and apply nitrogen in split doses to match crop demand and cut leaching losses. In the Guinea savanna, time operations to the single rains, top-dress at the onset of steady rainfall, and use the long season for a full-duration variety.",National Extension Service,Tomato,Ghana,synthetic,,synthetic (CC0)
386,Correcting Nitrogen deficiency in Tomato (Highlands),"Nitrogen deficiency in tomato (Solanum lycopersicum). Correcting it in the cool highlands, where heavy dew and mild temperatures favour foliar fungal diseases: Top-dress with urea (46% N) or CAN, splitting the rate so part goes on at planting and the rest at active vegetative growth. A foliar urea spray (1-2%) gives a fast green-up. Incorporate well-rotted manure or a legume green manure. In the highlands, the long dewy nights drive foliar disease, so prioritise resistant varieties, wider spacing for airflow, and early scouting.",IITA,Tomato,Egypt,synthetic,,synthetic (CC0)
387,Preventing Nitrogen deficiency in Tomato (Highlands),"Nitrogen deficiency in tomato (Solanum lycopersicum). Preventing it in the cool highlands, where heavy dew and mild temperatures favour foliar fungal diseases: Rotate cereals with legumes (cowpea, groundnut) that fix nitrogen, return crop residues, and apply nitrogen in split doses to match crop demand and cut leaching losses. In the highlands, the long dewy nights drive foliar disease, so prioritise resistant varieties, wider spacing for airflow, and early scouting.",National Extension Service,Tomato,Ghana,synthetic,,synthetic (CC0)
388,Correcting Nitrogen deficiency in Tomato (Irrigated lowland),"Nitrogen deficiency in tomato (Solanum lycopersicum). Correcting it in irrigated lowlands, where standing water and continuous cropping raise disease and salinity risk: Top-dress with urea (46% N) or CAN, splitting the rate so part goes on at planting and the rest at active vegetative growth. A foliar urea spray (1-2%) gives a fast green-up. Incorporate well-rotted manure or a legume green manure. Under irrigation, manage water carefully: intermittent draining cuts disease and salinity, and avoid the excess nitrogen that standing water encourages.",ICRISAT,Tomato,Egypt,synthetic,,synthetic (CC0)
389,Preventing Nitrogen deficiency in Tomato (Irrigated lowland),"Nitrogen deficiency in tomato (Solanum lycopersicum). Preventing it in irrigated lowlands, where standing water and continuous cropping raise disease and salinity risk: Rotate cereals with legumes (cowpea, groundnut) that fix nitrogen, return crop residues, and apply nitrogen in split doses to match crop demand and cut leaching losses. Under irrigation, manage water carefully: intermittent draining cuts disease and salinity, and avoid the excess nitrogen that standing water encourages.",ICRISAT,Tomato,Kenya,synthetic,,synthetic (CC0)
390,What causes Nitrogen deficiency in Yam,"Nitrogen deficiency in yam (Dioscorea spp.). Why it happens: Low soil organic matter, heavy leaching after intense rain on sandy soils, continuous cropping without fertiliser, and waterlogging that limits root uptake. Nitrogen is the nutrient most often deficient in tropical smallholder soils.",CGIAR,Yam,Ghana,synthetic,,synthetic (CC0)
391,Telling Nitrogen deficiency in Yam apart from look-alikes,"Nitrogen deficiency in yam (Dioscorea spp.). How to tell it apart from similar deficiencies: Because Nitrogen is mobile in the plant, the symptoms appear on the OLDER, lower leaves first. This separates it from immobile-nutrient shortages such as zinc, iron, sulphur or boron, whose symptoms strike the YOUNGEST upper leaves. Confirm with a soil or leaf test before treating.",AGRA,Yam,Benin,synthetic,,synthetic (CC0)
392,Identifying Nitrogen deficiency in Yam,"Nitrogen deficiency in yam (Dioscorea spp.). How to recognise it in the field: Uniform pale-green to yellow (chlorosis) of the OLDER, lower leaves first, because nitrogen is mobile and the plant moves it to new growth. In cereals a characteristic V-shaped yellowing runs from the leaf tip down the midrib. Plants are stunted, spindly and pale overall.",FAO,Yam,Ghana,synthetic,,synthetic (CC0)
393,Correcting Nitrogen deficiency in Yam (Guinea savanna),"Nitrogen deficiency in yam (Dioscorea spp.). Correcting it in the Guinea savanna, with one long rainy season and moderately fertile soils: Top-dress with urea (46% N) or CAN, splitting the rate so part goes on at planting and the rest at active vegetative growth. A foliar urea spray (1-2%) gives a fast green-up. Incorporate well-rotted manure or a legume green manure. In the Guinea savanna, time operations to the single rains, top-dress at the onset of steady rainfall, and use the long season for a full-duration variety.",ICRISAT,Yam,Nigeria,synthetic,,synthetic (CC0)
394,Preventing Nitrogen deficiency in Yam (Guinea savanna),"Nitrogen deficiency in yam (Dioscorea spp.). Preventing it in the Guinea savanna, with one long rainy season and moderately fertile soils: Rotate cereals with legumes (cowpea, groundnut) that fix nitrogen, return crop residues, and apply nitrogen in split doses to match crop demand and cut leaching losses. In the Guinea savanna, time operations to the single rains, top-dress at the onset of steady rainfall, and use the long season for a full-duration variety.",ICRISAT,Yam,Nigeria,synthetic,,synthetic (CC0)
395,Correcting Nitrogen deficiency in Yam (Humid forest),"Nitrogen deficiency in yam (Dioscorea spp.). Correcting it in the humid forest zone, where heavy rainfall leaches and acidifies soils and fungal pressure is high: Top-dress with urea (46% N) or CAN, splitting the rate so part goes on at planting and the rest at active vegetative growth. A foliar urea spray (1-2%) gives a fast green-up. Incorporate well-rotted manure or a legume green manure. In the humid forest, correct soil acidity with lime, watch for rapid fungal spread under the canopy, and improve drainage on the heavy leached soils.",Plantwise,Yam,Côte d'Ivoire,synthetic,,synthetic (CC0)
396,Preventing Nitrogen deficiency in Yam (Humid forest),"Nitrogen deficiency in yam (Dioscorea spp.). Preventing it in the humid forest zone, where heavy rainfall leaches and acidifies soils and fungal pressure is high: Rotate cereals with legumes (cowpea, groundnut) that fix nitrogen, return crop residues, and apply nitrogen in split doses to match crop demand and cut leaching losses. In the humid forest, correct soil acidity with lime, watch for rapid fungal spread under the canopy, and improve drainage on the heavy leached soils.",CGIAR,Yam,Nigeria,synthetic,,synthetic (CC0)
397,What causes Phosphorus deficiency in Common bean,Phosphorus deficiency in common bean (Phaseolus vulgaris). Why it happens: Phosphorus fixation in acidic or iron/aluminium-rich tropical soils locks P away from roots; cold or waterlogged soils slow uptake. Many weathered African soils are inherently P-deficient.,CGIAR,Common bean,Ethiopia,synthetic,,synthetic (CC0)
398,Telling Phosphorus deficiency in Common bean apart from look-alikes,"Phosphorus deficiency in common bean (Phaseolus vulgaris). How to tell it apart from similar deficiencies: Because Phosphorus is mobile in the plant, the symptoms appear on the OLDER, lower leaves first. This separates it from immobile-nutrient shortages such as zinc, iron, sulphur or boron, whose symptoms strike the YOUNGEST upper leaves. Confirm with a soil or leaf test before treating.",Plantwise,Common bean,Ethiopia,synthetic,,synthetic (CC0)
399,Identifying Phosphorus deficiency in Common bean,"Phosphorus deficiency in common bean (Phaseolus vulgaris). How to recognise it in the field: Dark blue-green leaves that develop a PURPLE or reddish tint, most obvious on the older leaves and leaf undersides and stems. Growth is slow, roots are poorly developed, maturity is delayed and grain filling is weak.",CGIAR,Common bean,Tanzania,synthetic,,synthetic (CC0)
400,Correcting Phosphorus deficiency in Common bean (Guinea savanna),"Phosphorus deficiency in common bean (Phaseolus vulgaris). Correcting it in the Guinea savanna, with one long rainy season and moderately fertile soils: Band single super-phosphate (SSP), DAP or NPK at or just below the seed at planting so roots reach it early. On acid soils, lime first to raise availability. Rock phosphate suits longer-season crops. In the Guinea savanna, time operations to the single rains, top-dress at the onset of steady rainfall, and use the long season for a full-duration variety.",Plantwise,Common bean,Uganda,synthetic,,synthetic (CC0)
401,Preventing Phosphorus deficiency in Common bean (Guinea savanna),"Phosphorus deficiency in common bean (Phaseolus vulgaris). Preventing it in the Guinea savanna, with one long rainy season and moderately fertile soils: Apply P as a band near the seed rather than broadcasting, correct soil acidity with lime, and build organic matter, which holds P in plant-available forms. In the Guinea savanna, time operations to the single rains, top-dress at the onset of steady rainfall, and use the long season for a full-duration variety.",IITA,Common bean,Ethiopia,synthetic,,synthetic (CC0)
402,Correcting Phosphorus deficiency in Common bean (Highlands),"Phosphorus deficiency in common bean (Phaseolus vulgaris). Correcting it in the cool highlands, where heavy dew and mild temperatures favour foliar fungal diseases: Band single super-phosphate (SSP), DAP or NPK at or just below the seed at planting so roots reach it early. On acid soils, lime first to raise availability. Rock phosphate suits longer-season crops. In the highlands, the long dewy nights drive foliar disease, so prioritise resistant varieties, wider spacing for airflow, and early scouting.",AGRA,Common bean,Rwanda,synthetic,,synthetic (CC0)
403,Preventing Phosphorus deficiency in Common bean (Highlands),"Phosphorus deficiency in common bean (Phaseolus vulgaris). Preventing it in the cool highlands, where heavy dew and mild temperatures favour foliar fungal diseases: Apply P as a band near the seed rather than broadcasting, correct soil acidity with lime, and build organic matter, which holds P in plant-available forms. In the highlands, the long dewy nights drive foliar disease, so prioritise resistant varieties, wider spacing for airflow, and early scouting.",Plantwise,Common bean,Ethiopia,synthetic,,synthetic (CC0)
404,What causes Phosphorus deficiency in Cowpea,Phosphorus deficiency in cowpea (Vigna unguiculata). Why it happens: Phosphorus fixation in acidic or iron/aluminium-rich tropical soils locks P away from roots; cold or waterlogged soils slow uptake. Many weathered African soils are inherently P-deficient.,Plantwise,Cowpea,Nigeria,synthetic,,synthetic (CC0)
405,Telling Phosphorus deficiency in Cowpea apart from look-alikes,"Phosphorus deficiency in cowpea (Vigna unguiculata). How to tell it apart from similar deficiencies: Because Phosphorus is mobile in the plant, the symptoms appear on the OLDER, lower leaves first. This separates it from immobile-nutrient shortages such as zinc, iron, sulphur or boron, whose symptoms strike the YOUNGEST upper leaves. Confirm with a soil or leaf test before treating.",National Extension Service,Cowpea,Niger,synthetic,,synthetic (CC0)
406,Identifying Phosphorus deficiency in Cowpea,"Phosphorus deficiency in cowpea (Vigna unguiculata). How to recognise it in the field: Dark blue-green leaves that develop a PURPLE or reddish tint, most obvious on the older leaves and leaf undersides and stems. Growth is slow, roots are poorly developed, maturity is delayed and grain filling is weak.",CGIAR,Cowpea,Burkina Faso,synthetic,,synthetic (CC0)
407,Correcting Phosphorus deficiency in Cowpea (Guinea savanna),"Phosphorus deficiency in cowpea (Vigna unguiculata). Correcting it in the Guinea savanna, with one long rainy season and moderately fertile soils: Band single super-phosphate (SSP), DAP or NPK at or just below the seed at planting so roots reach it early. On acid soils, lime first to raise availability. Rock phosphate suits longer-season crops. In the Guinea savanna, time operations to the single rains, top-dress at the onset of steady rainfall, and use the long season for a full-duration variety.",FAO,Cowpea,Nigeria,synthetic,,synthetic (CC0)
408,Preventing Phosphorus deficiency in Cowpea (Guinea savanna),"Phosphorus deficiency in cowpea (Vigna unguiculata). Preventing it in the Guinea savanna, with one long rainy season and moderately fertile soils: Apply P as a band near the seed rather than broadcasting, correct soil acidity with lime, and build organic matter, which holds P in plant-available forms. In the Guinea savanna, time operations to the single rains, top-dress at the onset of steady rainfall, and use the long season for a full-duration variety.",AGRA,Cowpea,Burkina Faso,synthetic,,synthetic (CC0)
409,Correcting Phosphorus deficiency in Cowpea (Humid forest),"Phosphorus deficiency in cowpea (Vigna unguiculata). Correcting it in the humid forest zone, where heavy rainfall leaches and acidifies soils and fungal pressure is high: Band single super-phosphate (SSP), DAP or NPK at or just below the seed at planting so roots reach it early. On acid soils, lime first to raise availability. Rock phosphate suits longer-season crops. In the humid forest, correct soil acidity with lime, watch for rapid fungal spread under the canopy, and improve drainage on the heavy leached soils.",IITA,Cowpea,Ghana,synthetic,,synthetic (CC0)
410,Preventing Phosphorus deficiency in Cowpea (Humid forest),"Phosphorus deficiency in cowpea (Vigna unguiculata). Preventing it in the humid forest zone, where heavy rainfall leaches and acidifies soils and fungal pressure is high: Apply P as a band near the seed rather than broadcasting, correct soil acidity with lime, and build organic matter, which holds P in plant-available forms. In the humid forest, correct soil acidity with lime, watch for rapid fungal spread under the canopy, and improve drainage on the heavy leached soils.",National Extension Service,Cowpea,Burkina Faso,synthetic,,synthetic (CC0)
411,Correcting Phosphorus deficiency in Cowpea (Sahel),"Phosphorus deficiency in cowpea (Vigna unguiculata). Correcting it in the hot semi-arid Sahel, where rains are short and erratic and sandy soils leach nutrients quickly: Band single super-phosphate (SSP), DAP or NPK at or just below the seed at planting so roots reach it early. On acid soils, lime first to raise availability. Rock phosphate suits longer-season crops. Because sandy Sahelian soils leach fast, split applications finely, micro-dose into the planting hole, and conserve every drop of moisture with mulch and tied ridges.",FAO,Cowpea,Nigeria,synthetic,,synthetic (CC0)
412,Preventing Phosphorus deficiency in Cowpea (Sahel),"Phosphorus deficiency in cowpea (Vigna unguiculata). Preventing it in the hot semi-arid Sahel, where rains are short and erratic and sandy soils leach nutrients quickly: Apply P as a band near the seed rather than broadcasting, correct soil acidity with lime, and build organic matter, which holds P in plant-available forms. Because sandy Sahelian soils leach fast, split applications finely, micro-dose into the planting hole, and conserve every drop of moisture with mulch and tied ridges.",AGRA,Cowpea,Niger,synthetic,,synthetic (CC0)
413,What causes Phosphorus deficiency in Groundnut,Phosphorus deficiency in groundnut (Arachis hypogaea). Why it happens: Phosphorus fixation in acidic or iron/aluminium-rich tropical soils locks P away from roots; cold or waterlogged soils slow uptake. Many weathered African soils are inherently P-deficient.,Plantwise,Groundnut,Sudan,synthetic,,synthetic (CC0)
414,Telling Phosphorus deficiency in Groundnut apart from look-alikes,"Phosphorus deficiency in groundnut (Arachis hypogaea). How to tell it apart from similar deficiencies: Because Phosphorus is mobile in the plant, the symptoms appear on the OLDER, lower leaves first. This separates it from immobile-nutrient shortages such as zinc, iron, sulphur or boron, whose symptoms strike the YOUNGEST upper leaves. Confirm with a soil or leaf test before treating.",AGRA,Groundnut,Senegal,synthetic,,synthetic (CC0)
415,Identifying Phosphorus deficiency in Groundnut,"Phosphorus deficiency in groundnut (Arachis hypogaea). How to recognise it in the field: Dark blue-green leaves that develop a PURPLE or reddish tint, most obvious on the older leaves and leaf undersides and stems. Growth is slow, roots are poorly developed, maturity is delayed and grain filling is weak.",CGIAR,Groundnut,Ghana,synthetic,,synthetic (CC0)
416,Correcting Phosphorus deficiency in Groundnut (Guinea savanna),"Phosphorus deficiency in groundnut (Arachis hypogaea). Correcting it in the Guinea savanna, with one long rainy season and moderately fertile soils: Band single super-phosphate (SSP), DAP or NPK at or just below the seed at planting so roots reach it early. On acid soils, lime first to raise availability. Rock phosphate suits longer-season crops. In the Guinea savanna, time operations to the single rains, top-dress at the onset of steady rainfall, and use the long season for a full-duration variety.",ICRISAT,Groundnut,Malawi,synthetic,,synthetic (CC0)
417,Preventing Phosphorus deficiency in Groundnut (Guinea savanna),"Phosphorus deficiency in groundnut (Arachis hypogaea). Preventing it in the Guinea savanna, with one long rainy season and moderately fertile soils: Apply P as a band near the seed rather than broadcasting, correct soil acidity with lime, and build organic matter, which holds P in plant-available forms. In the Guinea savanna, time operations to the single rains, top-dress at the onset of steady rainfall, and use the long season for a full-duration variety.",National Extension Service,Groundnut,Malawi,synthetic,,synthetic (CC0)
418,Correcting Phosphorus deficiency in Groundnut (Humid forest),"Phosphorus deficiency in groundnut (Arachis hypogaea). Correcting it in the humid forest zone, where heavy rainfall leaches and acidifies soils and fungal pressure is high: Band single super-phosphate (SSP), DAP or NPK at or just below the seed at planting so roots reach it early. On acid soils, lime first to raise availability. Rock phosphate suits longer-season crops. In the humid forest, correct soil acidity with lime, watch for rapid fungal spread under the canopy, and improve drainage on the heavy leached soils.",IITA,Groundnut,Malawi,synthetic,,synthetic (CC0)
419,Preventing Phosphorus deficiency in Groundnut (Humid forest),"Phosphorus deficiency in groundnut (Arachis hypogaea). Preventing it in the humid forest zone, where heavy rainfall leaches and acidifies soils and fungal pressure is high: Apply P as a band near the seed rather than broadcasting, correct soil acidity with lime, and build organic matter, which holds P in plant-available forms. In the humid forest, correct soil acidity with lime, watch for rapid fungal spread under the canopy, and improve drainage on the heavy leached soils.",National Extension Service,Groundnut,Senegal,synthetic,,synthetic (CC0)
420,Correcting Phosphorus deficiency in Groundnut (Sahel),"Phosphorus deficiency in groundnut (Arachis hypogaea). Correcting it in the hot semi-arid Sahel, where rains are short and erratic and sandy soils leach nutrients quickly: Band single super-phosphate (SSP), DAP or NPK at or just below the seed at planting so roots reach it early. On acid soils, lime first to raise availability. Rock phosphate suits longer-season crops. Because sandy Sahelian soils leach fast, split applications finely, micro-dose into the planting hole, and conserve every drop of moisture with mulch and tied ridges.",IITA,Groundnut,Sudan,synthetic,,synthetic (CC0)
421,Preventing Phosphorus deficiency in Groundnut (Sahel),"Phosphorus deficiency in groundnut (Arachis hypogaea). Preventing it in the hot semi-arid Sahel, where rains are short and erratic and sandy soils leach nutrients quickly: Apply P as a band near the seed rather than broadcasting, correct soil acidity with lime, and build organic matter, which holds P in plant-available forms. Because sandy Sahelian soils leach fast, split applications finely, micro-dose into the planting hole, and conserve every drop of moisture with mulch and tied ridges.",Plantwise,Groundnut,Senegal,synthetic,,synthetic (CC0)
422,What causes Phosphorus deficiency in Maize,Phosphorus deficiency in maize (Zea mays). Why it happens: Phosphorus fixation in acidic or iron/aluminium-rich tropical soils locks P away from roots; cold or waterlogged soils slow uptake. Many weathered African soils are inherently P-deficient.,FAO,Maize,Tanzania,synthetic,,synthetic (CC0)
423,Telling Phosphorus deficiency in Maize apart from look-alikes,"Phosphorus deficiency in maize (Zea mays). How to tell it apart from similar deficiencies: Because Phosphorus is mobile in the plant, the symptoms appear on the OLDER, lower leaves first. This separates it from immobile-nutrient shortages such as zinc, iron, sulphur or boron, whose symptoms strike the YOUNGEST upper leaves. Confirm with a soil or leaf test before treating.",FAO,Maize,Kenya,synthetic,,synthetic (CC0)
424,Identifying Phosphorus deficiency in Maize,"Phosphorus deficiency in maize (Zea mays). How to recognise it in the field: Dark blue-green leaves that develop a PURPLE or reddish tint, most obvious on the older leaves and leaf undersides and stems. Growth is slow, roots are poorly developed, maturity is delayed and grain filling is weak.",FAO,Maize,Zambia,synthetic,,synthetic (CC0)
425,Correcting Phosphorus deficiency in Maize (Guinea savanna),"Phosphorus deficiency in maize (Zea mays). Correcting it in the Guinea savanna, with one long rainy season and moderately fertile soils: Band single super-phosphate (SSP), DAP or NPK at or just below the seed at planting so roots reach it early. On acid soils, lime first to raise availability. Rock phosphate suits longer-season crops. In the Guinea savanna, time operations to the single rains, top-dress at the onset of steady rainfall, and use the long season for a full-duration variety.",CGIAR,Maize,Tanzania,synthetic,,synthetic (CC0)
426,Preventing Phosphorus deficiency in Maize (Guinea savanna),"Phosphorus deficiency in maize (Zea mays). Preventing it in the Guinea savanna, with one long rainy season and moderately fertile soils: Apply P as a band near the seed rather than broadcasting, correct soil acidity with lime, and build organic matter, which holds P in plant-available forms. In the Guinea savanna, time operations to the single rains, top-dress at the onset of steady rainfall, and use the long season for a full-duration variety.",ICRISAT,Maize,Tanzania,synthetic,,synthetic (CC0)
427,Correcting Phosphorus deficiency in Maize (Highlands),"Phosphorus deficiency in maize (Zea mays). Correcting it in the cool highlands, where heavy dew and mild temperatures favour foliar fungal diseases: Band single super-phosphate (SSP), DAP or NPK at or just below the seed at planting so roots reach it early. On acid soils, lime first to raise availability. Rock phosphate suits longer-season crops. In the highlands, the long dewy nights drive foliar disease, so prioritise resistant varieties, wider spacing for airflow, and early scouting.",National Extension Service,Maize,Kenya,synthetic,,synthetic (CC0)
428,Preventing Phosphorus deficiency in Maize (Highlands),"Phosphorus deficiency in maize (Zea mays). Preventing it in the cool highlands, where heavy dew and mild temperatures favour foliar fungal diseases: Apply P as a band near the seed rather than broadcasting, correct soil acidity with lime, and build organic matter, which holds P in plant-available forms. In the highlands, the long dewy nights drive foliar disease, so prioritise resistant varieties, wider spacing for airflow, and early scouting.",Plantwise,Maize,Tanzania,synthetic,,synthetic (CC0)
429,Correcting Phosphorus deficiency in Maize (Humid forest),"Phosphorus deficiency in maize (Zea mays). Correcting it in the humid forest zone, where heavy rainfall leaches and acidifies soils and fungal pressure is high: Band single super-phosphate (SSP), DAP or NPK at or just below the seed at planting so roots reach it early. On acid soils, lime first to raise availability. Rock phosphate suits longer-season crops. In the humid forest, correct soil acidity with lime, watch for rapid fungal spread under the canopy, and improve drainage on the heavy leached soils.",National Extension Service,Maize,Nigeria,synthetic,,synthetic (CC0)
430,Preventing Phosphorus deficiency in Maize (Humid forest),"Phosphorus deficiency in maize (Zea mays). Preventing it in the humid forest zone, where heavy rainfall leaches and acidifies soils and fungal pressure is high: Apply P as a band near the seed rather than broadcasting, correct soil acidity with lime, and build organic matter, which holds P in plant-available forms. In the humid forest, correct soil acidity with lime, watch for rapid fungal spread under the canopy, and improve drainage on the heavy leached soils.",IITA,Maize,Ghana,synthetic,,synthetic (CC0)
431,What causes Phosphorus deficiency in Rice,Phosphorus deficiency in rice (Oryza sativa). Why it happens: Phosphorus fixation in acidic or iron/aluminium-rich tropical soils locks P away from roots; cold or waterlogged soils slow uptake. Many weathered African soils are inherently P-deficient.,National Extension Service,Rice,Senegal,synthetic,,synthetic (CC0)
432,Telling Phosphorus deficiency in Rice apart from look-alikes,"Phosphorus deficiency in rice (Oryza sativa). How to tell it apart from similar deficiencies: Because Phosphorus is mobile in the plant, the symptoms appear on the OLDER, lower leaves first. This separates it from immobile-nutrient shortages such as zinc, iron, sulphur or boron, whose symptoms strike the YOUNGEST upper leaves. Confirm with a soil or leaf test before treating.",Plantwise,Rice,Mali,synthetic,,synthetic (CC0)
433,Identifying Phosphorus deficiency in Rice,"Phosphorus deficiency in rice (Oryza sativa). How to recognise it in the field: Dark blue-green leaves that develop a PURPLE or reddish tint, most obvious on the older leaves and leaf undersides and stems. Growth is slow, roots are poorly developed, maturity is delayed and grain filling is weak.",FAO,Rice,Mali,synthetic,,synthetic (CC0)
434,Correcting Phosphorus deficiency in Rice (Guinea savanna),"Phosphorus deficiency in rice (Oryza sativa). Correcting it in the Guinea savanna, with one long rainy season and moderately fertile soils: Band single super-phosphate (SSP), DAP or NPK at or just below the seed at planting so roots reach it early. On acid soils, lime first to raise availability. Rock phosphate suits longer-season crops. In the Guinea savanna, time operations to the single rains, top-dress at the onset of steady rainfall, and use the long season for a full-duration variety.",Plantwise,Rice,Mali,synthetic,,synthetic (CC0)
435,Preventing Phosphorus deficiency in Rice (Guinea savanna),"Phosphorus deficiency in rice (Oryza sativa). Preventing it in the Guinea savanna, with one long rainy season and moderately fertile soils: Apply P as a band near the seed rather than broadcasting, correct soil acidity with lime, and build organic matter, which holds P in plant-available forms. In the Guinea savanna, time operations to the single rains, top-dress at the onset of steady rainfall, and use the long season for a full-duration variety.",FAO,Rice,Madagascar,synthetic,,synthetic (CC0)
436,Correcting Phosphorus deficiency in Rice (Humid forest),"Phosphorus deficiency in rice (Oryza sativa). Correcting it in the humid forest zone, where heavy rainfall leaches and acidifies soils and fungal pressure is high: Band single super-phosphate (SSP), DAP or NPK at or just below the seed at planting so roots reach it early. On acid soils, lime first to raise availability. Rock phosphate suits longer-season crops. In the humid forest, correct soil acidity with lime, watch for rapid fungal spread under the canopy, and improve drainage on the heavy leached soils.",National Extension Service,Rice,Madagascar,synthetic,,synthetic (CC0)
437,Preventing Phosphorus deficiency in Rice (Humid forest),"Phosphorus deficiency in rice (Oryza sativa). Preventing it in the humid forest zone, where heavy rainfall leaches and acidifies soils and fungal pressure is high: Apply P as a band near the seed rather than broadcasting, correct soil acidity with lime, and build organic matter, which holds P in plant-available forms. In the humid forest, correct soil acidity with lime, watch for rapid fungal spread under the canopy, and improve drainage on the heavy leached soils.",CGIAR,Rice,Tanzania,synthetic,,synthetic (CC0)
438,Correcting Phosphorus deficiency in Rice (Irrigated lowland),"Phosphorus deficiency in rice (Oryza sativa). Correcting it in irrigated lowlands, where standing water and continuous cropping raise disease and salinity risk: Band single super-phosphate (SSP), DAP or NPK at or just below the seed at planting so roots reach it early. On acid soils, lime first to raise availability. Rock phosphate suits longer-season crops. Under irrigation, manage water carefully: intermittent draining cuts disease and salinity, and avoid the excess nitrogen that standing water encourages.",ICRISAT,Rice,Senegal,synthetic,,synthetic (CC0)
439,Preventing Phosphorus deficiency in Rice (Irrigated lowland),"Phosphorus deficiency in rice (Oryza sativa). Preventing it in irrigated lowlands, where standing water and continuous cropping raise disease and salinity risk: Apply P as a band near the seed rather than broadcasting, correct soil acidity with lime, and build organic matter, which holds P in plant-available forms. Under irrigation, manage water carefully: intermittent draining cuts disease and salinity, and avoid the excess nitrogen that standing water encourages.",FAO,Rice,Mali,synthetic,,synthetic (CC0)
440,What causes Phosphorus deficiency in Sorghum,Phosphorus deficiency in sorghum (Sorghum bicolor). Why it happens: Phosphorus fixation in acidic or iron/aluminium-rich tropical soils locks P away from roots; cold or waterlogged soils slow uptake. Many weathered African soils are inherently P-deficient.,Plantwise,Sorghum,Nigeria,synthetic,,synthetic (CC0)
441,Telling Phosphorus deficiency in Sorghum apart from look-alikes,"Phosphorus deficiency in sorghum (Sorghum bicolor). How to tell it apart from similar deficiencies: Because Phosphorus is mobile in the plant, the symptoms appear on the OLDER, lower leaves first. This separates it from immobile-nutrient shortages such as zinc, iron, sulphur or boron, whose symptoms strike the YOUNGEST upper leaves. Confirm with a soil or leaf test before treating.",Plantwise,Sorghum,Ethiopia,synthetic,,synthetic (CC0)
442,Identifying Phosphorus deficiency in Sorghum,"Phosphorus deficiency in sorghum (Sorghum bicolor). How to recognise it in the field: Dark blue-green leaves that develop a PURPLE or reddish tint, most obvious on the older leaves and leaf undersides and stems. Growth is slow, roots are poorly developed, maturity is delayed and grain filling is weak.",Plantwise,Sorghum,Nigeria,synthetic,,synthetic (CC0)
443,Correcting Phosphorus deficiency in Sorghum (Guinea savanna),"Phosphorus deficiency in sorghum (Sorghum bicolor). Correcting it in the Guinea savanna, with one long rainy season and moderately fertile soils: Band single super-phosphate (SSP), DAP or NPK at or just below the seed at planting so roots reach it early. On acid soils, lime first to raise availability. Rock phosphate suits longer-season crops. In the Guinea savanna, time operations to the single rains, top-dress at the onset of steady rainfall, and use the long season for a full-duration variety.",Plantwise,Sorghum,Mali,synthetic,,synthetic (CC0)
444,Preventing Phosphorus deficiency in Sorghum (Guinea savanna),"Phosphorus deficiency in sorghum (Sorghum bicolor). Preventing it in the Guinea savanna, with one long rainy season and moderately fertile soils: Apply P as a band near the seed rather than broadcasting, correct soil acidity with lime, and build organic matter, which holds P in plant-available forms. In the Guinea savanna, time operations to the single rains, top-dress at the onset of steady rainfall, and use the long season for a full-duration variety.",CGIAR,Sorghum,Sudan,synthetic,,synthetic (CC0)
445,Correcting Phosphorus deficiency in Sorghum (Sahel),"Phosphorus deficiency in sorghum (Sorghum bicolor). Correcting it in the hot semi-arid Sahel, where rains are short and erratic and sandy soils leach nutrients quickly: Band single super-phosphate (SSP), DAP or NPK at or just below the seed at planting so roots reach it early. On acid soils, lime first to raise availability. Rock phosphate suits longer-season crops. Because sandy Sahelian soils leach fast, split applications finely, micro-dose into the planting hole, and conserve every drop of moisture with mulch and tied ridges.",ICRISAT,Sorghum,Ethiopia,synthetic,,synthetic (CC0)
446,Preventing Phosphorus deficiency in Sorghum (Sahel),"Phosphorus deficiency in sorghum (Sorghum bicolor). Preventing it in the hot semi-arid Sahel, where rains are short and erratic and sandy soils leach nutrients quickly: Apply P as a band near the seed rather than broadcasting, correct soil acidity with lime, and build organic matter, which holds P in plant-available forms. Because sandy Sahelian soils leach fast, split applications finely, micro-dose into the planting hole, and conserve every drop of moisture with mulch and tied ridges.",CGIAR,Sorghum,Ethiopia,synthetic,,synthetic (CC0)
447,What causes Phosphorus deficiency in Tomato,Phosphorus deficiency in tomato (Solanum lycopersicum). Why it happens: Phosphorus fixation in acidic or iron/aluminium-rich tropical soils locks P away from roots; cold or waterlogged soils slow uptake. Many weathered African soils are inherently P-deficient.,ICRISAT,Tomato,Ghana,synthetic,,synthetic (CC0)
448,Telling Phosphorus deficiency in Tomato apart from look-alikes,"Phosphorus deficiency in tomato (Solanum lycopersicum). How to tell it apart from similar deficiencies: Because Phosphorus is mobile in the plant, the symptoms appear on the OLDER, lower leaves first. This separates it from immobile-nutrient shortages such as zinc, iron, sulphur or boron, whose symptoms strike the YOUNGEST upper leaves. Confirm with a soil or leaf test before treating.",CGIAR,Tomato,Kenya,synthetic,,synthetic (CC0)
449,Identifying Phosphorus deficiency in Tomato,"Phosphorus deficiency in tomato (Solanum lycopersicum). How to recognise it in the field: Dark blue-green leaves that develop a PURPLE or reddish tint, most obvious on the older leaves and leaf undersides and stems. Growth is slow, roots are poorly developed, maturity is delayed and grain filling is weak.",National Extension Service,Tomato,Tanzania,synthetic,,synthetic (CC0)
450,Correcting Phosphorus deficiency in Tomato (Guinea savanna),"Phosphorus deficiency in tomato (Solanum lycopersicum). Correcting it in the Guinea savanna, with one long rainy season and moderately fertile soils: Band single super-phosphate (SSP), DAP or NPK at or just below the seed at planting so roots reach it early. On acid soils, lime first to raise availability. Rock phosphate suits longer-season crops. In the Guinea savanna, time operations to the single rains, top-dress at the onset of steady rainfall, and use the long season for a full-duration variety.",ICRISAT,Tomato,Kenya,synthetic,,synthetic (CC0)
451,Preventing Phosphorus deficiency in Tomato (Guinea savanna),"Phosphorus deficiency in tomato (Solanum lycopersicum). Preventing it in the Guinea savanna, with one long rainy season and moderately fertile soils: Apply P as a band near the seed rather than broadcasting, correct soil acidity with lime, and build organic matter, which holds P in plant-available forms. In the Guinea savanna, time operations to the single rains, top-dress at the onset of steady rainfall, and use the long season for a full-duration variety.",National Extension Service,Tomato,Egypt,synthetic,,synthetic (CC0)
452,Correcting Phosphorus deficiency in Tomato (Highlands),"Phosphorus deficiency in tomato (Solanum lycopersicum). Correcting it in the cool highlands, where heavy dew and mild temperatures favour foliar fungal diseases: Band single super-phosphate (SSP), DAP or NPK at or just below the seed at planting so roots reach it early. On acid soils, lime first to raise availability. Rock phosphate suits longer-season crops. In the highlands, the long dewy nights drive foliar disease, so prioritise resistant varieties, wider spacing for airflow, and early scouting.",Plantwise,Tomato,Tanzania,synthetic,,synthetic (CC0)
453,Preventing Phosphorus deficiency in Tomato (Highlands),"Phosphorus deficiency in tomato (Solanum lycopersicum). Preventing it in the cool highlands, where heavy dew and mild temperatures favour foliar fungal diseases: Apply P as a band near the seed rather than broadcasting, correct soil acidity with lime, and build organic matter, which holds P in plant-available forms. In the highlands, the long dewy nights drive foliar disease, so prioritise resistant varieties, wider spacing for airflow, and early scouting.",ICRISAT,Tomato,Nigeria,synthetic,,synthetic (CC0)
454,Correcting Phosphorus deficiency in Tomato (Irrigated lowland),"Phosphorus deficiency in tomato (Solanum lycopersicum). Correcting it in irrigated lowlands, where standing water and continuous cropping raise disease and salinity risk: Band single super-phosphate (SSP), DAP or NPK at or just below the seed at planting so roots reach it early. On acid soils, lime first to raise availability. Rock phosphate suits longer-season crops. Under irrigation, manage water carefully: intermittent draining cuts disease and salinity, and avoid the excess nitrogen that standing water encourages.",ICRISAT,Tomato,Nigeria,synthetic,,synthetic (CC0)
455,Preventing Phosphorus deficiency in Tomato (Irrigated lowland),"Phosphorus deficiency in tomato (Solanum lycopersicum). Preventing it in irrigated lowlands, where standing water and continuous cropping raise disease and salinity risk: Apply P as a band near the seed rather than broadcasting, correct soil acidity with lime, and build organic matter, which holds P in plant-available forms. Under irrigation, manage water carefully: intermittent draining cuts disease and salinity, and avoid the excess nitrogen that standing water encourages.",FAO,Tomato,Nigeria,synthetic,,synthetic (CC0)
456,What causes Potassium deficiency in Cassava,"Potassium deficiency in cassava (Manihot esculenta). Why it happens: Sandy, leached soils, very high yields removing large amounts of K, and excessive magnesium or calcium competing with potassium uptake.",CGIAR,Cassava,Tanzania,synthetic,,synthetic (CC0)
457,Telling Potassium deficiency in Cassava apart from look-alikes,"Potassium deficiency in cassava (Manihot esculenta). How to tell it apart from similar deficiencies: Because Potassium is mobile in the plant, the symptoms appear on the OLDER, lower leaves first. This separates it from immobile-nutrient shortages such as zinc, iron, sulphur or boron, whose symptoms strike the YOUNGEST upper leaves. Confirm with a soil or leaf test before treating.",FAO,Cassava,Uganda,synthetic,,synthetic (CC0)
458,Identifying Potassium deficiency in Cassava,"Potassium deficiency in cassava (Manihot esculenta). How to recognise it in the field: Yellowing then BROWNING and scorching of the leaf MARGINS and tips of the older, lower leaves, while the midrib stays green. Stalks are weak and lodge, and fruit/grain is small and poor quality.",National Extension Service,Cassava,Uganda,synthetic,,synthetic (CC0)
459,Correcting Potassium deficiency in Cassava (Guinea savanna),"Potassium deficiency in cassava (Manihot esculenta). Correcting it in the Guinea savanna, with one long rainy season and moderately fertile soils: Apply muriate of potash (KCl) or sulphate of potash, ideally split, and return potassium-rich residues such as banana pseudostems or wood ash where available. In the Guinea savanna, time operations to the single rains, top-dress at the onset of steady rainfall, and use the long season for a full-duration variety.",ICRISAT,Cassava,Ghana,synthetic,,synthetic (CC0)
460,Preventing Potassium deficiency in Cassava (Guinea savanna),"Potassium deficiency in cassava (Manihot esculenta). Preventing it in the Guinea savanna, with one long rainy season and moderately fertile soils: Test soil potassium, return crop residues and ash to the field, and avoid over-liming, which induces potassium imbalance. In the Guinea savanna, time operations to the single rains, top-dress at the onset of steady rainfall, and use the long season for a full-duration variety.",IITA,Cassava,Uganda,synthetic,,synthetic (CC0)
461,Correcting Potassium deficiency in Cassava (Humid forest),"Potassium deficiency in cassava (Manihot esculenta). Correcting it in the humid forest zone, where heavy rainfall leaches and acidifies soils and fungal pressure is high: Apply muriate of potash (KCl) or sulphate of potash, ideally split, and return potassium-rich residues such as banana pseudostems or wood ash where available. In the humid forest, correct soil acidity with lime, watch for rapid fungal spread under the canopy, and improve drainage on the heavy leached soils.",Plantwise,Cassava,Nigeria,synthetic,,synthetic (CC0)
462,Preventing Potassium deficiency in Cassava (Humid forest),"Potassium deficiency in cassava (Manihot esculenta). Preventing it in the humid forest zone, where heavy rainfall leaches and acidifies soils and fungal pressure is high: Test soil potassium, return crop residues and ash to the field, and avoid over-liming, which induces potassium imbalance. In the humid forest, correct soil acidity with lime, watch for rapid fungal spread under the canopy, and improve drainage on the heavy leached soils.",ICRISAT,Cassava,Nigeria,synthetic,,synthetic (CC0)
463,Correcting Potassium deficiency in Cassava (Sahel),"Potassium deficiency in cassava (Manihot esculenta). Correcting it in the hot semi-arid Sahel, where rains are short and erratic and sandy soils leach nutrients quickly: Apply muriate of potash (KCl) or sulphate of potash, ideally split, and return potassium-rich residues such as banana pseudostems or wood ash where available. Because sandy Sahelian soils leach fast, split applications finely, micro-dose into the planting hole, and conserve every drop of moisture with mulch and tied ridges.",National Extension Service,Cassava,Uganda,synthetic,,synthetic (CC0)
464,Preventing Potassium deficiency in Cassava (Sahel),"Potassium deficiency in cassava (Manihot esculenta). Preventing it in the hot semi-arid Sahel, where rains are short and erratic and sandy soils leach nutrients quickly: Test soil potassium, return crop residues and ash to the field, and avoid over-liming, which induces potassium imbalance. Because sandy Sahelian soils leach fast, split applications finely, micro-dose into the planting hole, and conserve every drop of moisture with mulch and tied ridges.",FAO,Cassava,Ghana,synthetic,,synthetic (CC0)
465,What causes Potassium deficiency in Cocoa,"Potassium deficiency in cocoa (Theobroma cacao). Why it happens: Sandy, leached soils, very high yields removing large amounts of K, and excessive magnesium or calcium competing with potassium uptake.",ICRISAT,Cocoa,Côte d'Ivoire,synthetic,,synthetic (CC0)
466,Telling Potassium deficiency in Cocoa apart from look-alikes,"Potassium deficiency in cocoa (Theobroma cacao). How to tell it apart from similar deficiencies: Because Potassium is mobile in the plant, the symptoms appear on the OLDER, lower leaves first. This separates it from immobile-nutrient shortages such as zinc, iron, sulphur or boron, whose symptoms strike the YOUNGEST upper leaves. Confirm with a soil or leaf test before treating.",IITA,Cocoa,Cameroon,synthetic,,synthetic (CC0)
467,Identifying Potassium deficiency in Cocoa,"Potassium deficiency in cocoa (Theobroma cacao). How to recognise it in the field: Yellowing then BROWNING and scorching of the leaf MARGINS and tips of the older, lower leaves, while the midrib stays green. Stalks are weak and lodge, and fruit/grain is small and poor quality.",AGRA,Cocoa,Côte d'Ivoire,synthetic,,synthetic (CC0)
468,Correcting Potassium deficiency in Cocoa (Humid forest),"Potassium deficiency in cocoa (Theobroma cacao). Correcting it in the humid forest zone, where heavy rainfall leaches and acidifies soils and fungal pressure is high: Apply muriate of potash (KCl) or sulphate of potash, ideally split, and return potassium-rich residues such as banana pseudostems or wood ash where available. In the humid forest, correct soil acidity with lime, watch for rapid fungal spread under the canopy, and improve drainage on the heavy leached soils.",IITA,Cocoa,Côte d'Ivoire,synthetic,,synthetic (CC0)
469,Preventing Potassium deficiency in Cocoa (Humid forest),"Potassium deficiency in cocoa (Theobroma cacao). Preventing it in the humid forest zone, where heavy rainfall leaches and acidifies soils and fungal pressure is high: Test soil potassium, return crop residues and ash to the field, and avoid over-liming, which induces potassium imbalance. In the humid forest, correct soil acidity with lime, watch for rapid fungal spread under the canopy, and improve drainage on the heavy leached soils.",ICRISAT,Cocoa,Ghana,synthetic,,synthetic (CC0)
470,What causes Potassium deficiency in Maize,"Potassium deficiency in maize (Zea mays). Why it happens: Sandy, leached soils, very high yields removing large amounts of K, and excessive magnesium or calcium competing with potassium uptake.",AGRA,Maize,Zambia,synthetic,,synthetic (CC0)
471,Telling Potassium deficiency in Maize apart from look-alikes,"Potassium deficiency in maize (Zea mays). How to tell it apart from similar deficiencies: Because Potassium is mobile in the plant, the symptoms appear on the OLDER, lower leaves first. This separates it from immobile-nutrient shortages such as zinc, iron, sulphur or boron, whose symptoms strike the YOUNGEST upper leaves. Confirm with a soil or leaf test before treating.",ICRISAT,Maize,Nigeria,synthetic,,synthetic (CC0)
472,Identifying Potassium deficiency in Maize,"Potassium deficiency in maize (Zea mays). How to recognise it in the field: Yellowing then BROWNING and scorching of the leaf MARGINS and tips of the older, lower leaves, while the midrib stays green. Stalks are weak and lodge, and fruit/grain is small and poor quality.",Plantwise,Maize,Tanzania,synthetic,,synthetic (CC0)
473,Correcting Potassium deficiency in Maize (Guinea savanna),"Potassium deficiency in maize (Zea mays). Correcting it in the Guinea savanna, with one long rainy season and moderately fertile soils: Apply muriate of potash (KCl) or sulphate of potash, ideally split, and return potassium-rich residues such as banana pseudostems or wood ash where available. In the Guinea savanna, time operations to the single rains, top-dress at the onset of steady rainfall, and use the long season for a full-duration variety.",National Extension Service,Maize,Nigeria,synthetic,,synthetic (CC0)
474,Preventing Potassium deficiency in Maize (Guinea savanna),"Potassium deficiency in maize (Zea mays). Preventing it in the Guinea savanna, with one long rainy season and moderately fertile soils: Test soil potassium, return crop residues and ash to the field, and avoid over-liming, which induces potassium imbalance. In the Guinea savanna, time operations to the single rains, top-dress at the onset of steady rainfall, and use the long season for a full-duration variety.",CGIAR,Maize,Tanzania,synthetic,,synthetic (CC0)
475,Correcting Potassium deficiency in Maize (Highlands),"Potassium deficiency in maize (Zea mays). Correcting it in the cool highlands, where heavy dew and mild temperatures favour foliar fungal diseases: Apply muriate of potash (KCl) or sulphate of potash, ideally split, and return potassium-rich residues such as banana pseudostems or wood ash where available. In the highlands, the long dewy nights drive foliar disease, so prioritise resistant varieties, wider spacing for airflow, and early scouting.",CGIAR,Maize,Tanzania,synthetic,,synthetic (CC0)
476,Preventing Potassium deficiency in Maize (Highlands),"Potassium deficiency in maize (Zea mays). Preventing it in the cool highlands, where heavy dew and mild temperatures favour foliar fungal diseases: Test soil potassium, return crop residues and ash to the field, and avoid over-liming, which induces potassium imbalance. In the highlands, the long dewy nights drive foliar disease, so prioritise resistant varieties, wider spacing for airflow, and early scouting.",FAO,Maize,Kenya,synthetic,,synthetic (CC0)
477,Correcting Potassium deficiency in Maize (Humid forest),"Potassium deficiency in maize (Zea mays). Correcting it in the humid forest zone, where heavy rainfall leaches and acidifies soils and fungal pressure is high: Apply muriate of potash (KCl) or sulphate of potash, ideally split, and return potassium-rich residues such as banana pseudostems or wood ash where available. In the humid forest, correct soil acidity with lime, watch for rapid fungal spread under the canopy, and improve drainage on the heavy leached soils.",CGIAR,Maize,Nigeria,synthetic,,synthetic (CC0)
478,Preventing Potassium deficiency in Maize (Humid forest),"Potassium deficiency in maize (Zea mays). Preventing it in the humid forest zone, where heavy rainfall leaches and acidifies soils and fungal pressure is high: Test soil potassium, return crop residues and ash to the field, and avoid over-liming, which induces potassium imbalance. In the humid forest, correct soil acidity with lime, watch for rapid fungal spread under the canopy, and improve drainage on the heavy leached soils.",IITA,Maize,Kenya,synthetic,,synthetic (CC0)
479,What causes Potassium deficiency in Plantain,"Potassium deficiency in plantain (Musa paradisiaca). Why it happens: Sandy, leached soils, very high yields removing large amounts of K, and excessive magnesium or calcium competing with potassium uptake.",CGIAR,Plantain,DR Congo,synthetic,,synthetic (CC0)
480,Telling Potassium deficiency in Plantain apart from look-alikes,"Potassium deficiency in plantain (Musa paradisiaca). How to tell it apart from similar deficiencies: Because Potassium is mobile in the plant, the symptoms appear on the OLDER, lower leaves first. This separates it from immobile-nutrient shortages such as zinc, iron, sulphur or boron, whose symptoms strike the YOUNGEST upper leaves. Confirm with a soil or leaf test before treating.",CGIAR,Plantain,Nigeria,synthetic,,synthetic (CC0)
481,Identifying Potassium deficiency in Plantain,"Potassium deficiency in plantain (Musa paradisiaca). How to recognise it in the field: Yellowing then BROWNING and scorching of the leaf MARGINS and tips of the older, lower leaves, while the midrib stays green. Stalks are weak and lodge, and fruit/grain is small and poor quality.",National Extension Service,Plantain,Cameroon,synthetic,,synthetic (CC0)
482,Correcting Potassium deficiency in Plantain (Highlands),"Potassium deficiency in plantain (Musa paradisiaca). Correcting it in the cool highlands, where heavy dew and mild temperatures favour foliar fungal diseases: Apply muriate of potash (KCl) or sulphate of potash, ideally split, and return potassium-rich residues such as banana pseudostems or wood ash where available. In the highlands, the long dewy nights drive foliar disease, so prioritise resistant varieties, wider spacing for airflow, and early scouting.",CGIAR,Plantain,DR Congo,synthetic,,synthetic (CC0)
483,Preventing Potassium deficiency in Plantain (Highlands),"Potassium deficiency in plantain (Musa paradisiaca). Preventing it in the cool highlands, where heavy dew and mild temperatures favour foliar fungal diseases: Test soil potassium, return crop residues and ash to the field, and avoid over-liming, which induces potassium imbalance. In the highlands, the long dewy nights drive foliar disease, so prioritise resistant varieties, wider spacing for airflow, and early scouting.",FAO,Plantain,Ghana,synthetic,,synthetic (CC0)
484,Correcting Potassium deficiency in Plantain (Humid forest),"Potassium deficiency in plantain (Musa paradisiaca). Correcting it in the humid forest zone, where heavy rainfall leaches and acidifies soils and fungal pressure is high: Apply muriate of potash (KCl) or sulphate of potash, ideally split, and return potassium-rich residues such as banana pseudostems or wood ash where available. In the humid forest, correct soil acidity with lime, watch for rapid fungal spread under the canopy, and improve drainage on the heavy leached soils.",CGIAR,Plantain,Cameroon,synthetic,,synthetic (CC0)
485,Preventing Potassium deficiency in Plantain (Humid forest),"Potassium deficiency in plantain (Musa paradisiaca). Preventing it in the humid forest zone, where heavy rainfall leaches and acidifies soils and fungal pressure is high: Test soil potassium, return crop residues and ash to the field, and avoid over-liming, which induces potassium imbalance. In the humid forest, correct soil acidity with lime, watch for rapid fungal spread under the canopy, and improve drainage on the heavy leached soils.",National Extension Service,Plantain,DR Congo,synthetic,,synthetic (CC0)
486,What causes Potassium deficiency in Tomato,"Potassium deficiency in tomato (Solanum lycopersicum). Why it happens: Sandy, leached soils, very high yields removing large amounts of K, and excessive magnesium or calcium competing with potassium uptake.",CGIAR,Tomato,Kenya,synthetic,,synthetic (CC0)
487,Telling Potassium deficiency in Tomato apart from look-alikes,"Potassium deficiency in tomato (Solanum lycopersicum). How to tell it apart from similar deficiencies: Because Potassium is mobile in the plant, the symptoms appear on the OLDER, lower leaves first. This separates it from immobile-nutrient shortages such as zinc, iron, sulphur or boron, whose symptoms strike the YOUNGEST upper leaves. Confirm with a soil or leaf test before treating.",Plantwise,Tomato,Kenya,synthetic,,synthetic (CC0)
488,Identifying Potassium deficiency in Tomato,"Potassium deficiency in tomato (Solanum lycopersicum). How to recognise it in the field: Yellowing then BROWNING and scorching of the leaf MARGINS and tips of the older, lower leaves, while the midrib stays green. Stalks are weak and lodge, and fruit/grain is small and poor quality.",IITA,Tomato,Egypt,synthetic,,synthetic (CC0)
489,Correcting Potassium deficiency in Tomato (Guinea savanna),"Potassium deficiency in tomato (Solanum lycopersicum). Correcting it in the Guinea savanna, with one long rainy season and moderately fertile soils: Apply muriate of potash (KCl) or sulphate of potash, ideally split, and return potassium-rich residues such as banana pseudostems or wood ash where available. In the Guinea savanna, time operations to the single rains, top-dress at the onset of steady rainfall, and use the long season for a full-duration variety.",Plantwise,Tomato,Ghana,synthetic,,synthetic (CC0)
490,Preventing Potassium deficiency in Tomato (Guinea savanna),"Potassium deficiency in tomato (Solanum lycopersicum). Preventing it in the Guinea savanna, with one long rainy season and moderately fertile soils: Test soil potassium, return crop residues and ash to the field, and avoid over-liming, which induces potassium imbalance. In the Guinea savanna, time operations to the single rains, top-dress at the onset of steady rainfall, and use the long season for a full-duration variety.",IITA,Tomato,Kenya,synthetic,,synthetic (CC0)
491,Correcting Potassium deficiency in Tomato (Highlands),"Potassium deficiency in tomato (Solanum lycopersicum). Correcting it in the cool highlands, where heavy dew and mild temperatures favour foliar fungal diseases: Apply muriate of potash (KCl) or sulphate of potash, ideally split, and return potassium-rich residues such as banana pseudostems or wood ash where available. In the highlands, the long dewy nights drive foliar disease, so prioritise resistant varieties, wider spacing for airflow, and early scouting.",AGRA,Tomato,Egypt,synthetic,,synthetic (CC0)
492,Preventing Potassium deficiency in Tomato (Highlands),"Potassium deficiency in tomato (Solanum lycopersicum). Preventing it in the cool highlands, where heavy dew and mild temperatures favour foliar fungal diseases: Test soil potassium, return crop residues and ash to the field, and avoid over-liming, which induces potassium imbalance. In the highlands, the long dewy nights drive foliar disease, so prioritise resistant varieties, wider spacing for airflow, and early scouting.",AGRA,Tomato,Egypt,synthetic,,synthetic (CC0)
493,Correcting Potassium deficiency in Tomato (Irrigated lowland),"Potassium deficiency in tomato (Solanum lycopersicum). Correcting it in irrigated lowlands, where standing water and continuous cropping raise disease and salinity risk: Apply muriate of potash (KCl) or sulphate of potash, ideally split, and return potassium-rich residues such as banana pseudostems or wood ash where available. Under irrigation, manage water carefully: intermittent draining cuts disease and salinity, and avoid the excess nitrogen that standing water encourages.",ICRISAT,Tomato,Nigeria,synthetic,,synthetic (CC0)
494,Preventing Potassium deficiency in Tomato (Irrigated lowland),"Potassium deficiency in tomato (Solanum lycopersicum). Preventing it in irrigated lowlands, where standing water and continuous cropping raise disease and salinity risk: Test soil potassium, return crop residues and ash to the field, and avoid over-liming, which induces potassium imbalance. Under irrigation, manage water carefully: intermittent draining cuts disease and salinity, and avoid the excess nitrogen that standing water encourages.",CGIAR,Tomato,Egypt,synthetic,,synthetic (CC0)
495,What causes Potassium deficiency in Yam,"Potassium deficiency in yam (Dioscorea spp.). Why it happens: Sandy, leached soils, very high yields removing large amounts of K, and excessive magnesium or calcium competing with potassium uptake.",Plantwise,Yam,Nigeria,synthetic,,synthetic (CC0)
496,Telling Potassium deficiency in Yam apart from look-alikes,"Potassium deficiency in yam (Dioscorea spp.). How to tell it apart from similar deficiencies: Because Potassium is mobile in the plant, the symptoms appear on the OLDER, lower leaves first. This separates it from immobile-nutrient shortages such as zinc, iron, sulphur or boron, whose symptoms strike the YOUNGEST upper leaves. Confirm with a soil or leaf test before treating.",National Extension Service,Yam,Benin,synthetic,,synthetic (CC0)
497,Identifying Potassium deficiency in Yam,"Potassium deficiency in yam (Dioscorea spp.). How to recognise it in the field: Yellowing then BROWNING and scorching of the leaf MARGINS and tips of the older, lower leaves, while the midrib stays green. Stalks are weak and lodge, and fruit/grain is small and poor quality.",AGRA,Yam,Benin,synthetic,,synthetic (CC0)
498,Correcting Potassium deficiency in Yam (Guinea savanna),"Potassium deficiency in yam (Dioscorea spp.). Correcting it in the Guinea savanna, with one long rainy season and moderately fertile soils: Apply muriate of potash (KCl) or sulphate of potash, ideally split, and return potassium-rich residues such as banana pseudostems or wood ash where available. In the Guinea savanna, time operations to the single rains, top-dress at the onset of steady rainfall, and use the long season for a full-duration variety.",Plantwise,Yam,Côte d'Ivoire,synthetic,,synthetic (CC0)
499,Preventing Potassium deficiency in Yam (Guinea savanna),"Potassium deficiency in yam (Dioscorea spp.). Preventing it in the Guinea savanna, with one long rainy season and moderately fertile soils: Test soil potassium, return crop residues and ash to the field, and avoid over-liming, which induces potassium imbalance. In the Guinea savanna, time operations to the single rains, top-dress at the onset of steady rainfall, and use the long season for a full-duration variety.",IITA,Yam,Ghana,synthetic,,synthetic (CC0)
500,Correcting Potassium deficiency in Yam (Humid forest),"Potassium deficiency in yam (Dioscorea spp.). Correcting it in the humid forest zone, where heavy rainfall leaches and acidifies soils and fungal pressure is high: Apply muriate of potash (KCl) or sulphate of potash, ideally split, and return potassium-rich residues such as banana pseudostems or wood ash where available. In the humid forest, correct soil acidity with lime, watch for rapid fungal spread under the canopy, and improve drainage on the heavy leached soils.",Plantwise,Yam,Côte d'Ivoire,synthetic,,synthetic (CC0)
501,Preventing Potassium deficiency in Yam (Humid forest),"Potassium deficiency in yam (Dioscorea spp.). Preventing it in the humid forest zone, where heavy rainfall leaches and acidifies soils and fungal pressure is high: Test soil potassium, return crop residues and ash to the field, and avoid over-liming, which induces potassium imbalance. In the humid forest, correct soil acidity with lime, watch for rapid fungal spread under the canopy, and improve drainage on the heavy leached soils.",Plantwise,Yam,Nigeria,synthetic,,synthetic (CC0)
502,What causes Sulphur deficiency in Common bean,"Sulphur deficiency in common bean (Phaseolus vulgaris). Why it happens: Low organic matter, leaching on sandy soils, and use of high-analysis fertilisers (like urea) that contain no sulphur.",Plantwise,Common bean,Kenya,synthetic,,synthetic (CC0)
503,Telling Sulphur deficiency in Common bean apart from look-alikes,"Sulphur deficiency in common bean (Phaseolus vulgaris). How to tell it apart from similar deficiencies: Because Sulphur is not mobile in the plant, the symptoms strike the YOUNGEST, upper leaves first. This separates it from mobile-nutrient shortages such as nitrogen, potassium or magnesium, which begin on the OLDER lower leaves. Confirm with a soil or leaf test before treating.",National Extension Service,Common bean,Tanzania,synthetic,,synthetic (CC0)
504,Identifying Sulphur deficiency in Common bean,"Sulphur deficiency in common bean (Phaseolus vulgaris). How to recognise it in the field: General yellowing of the WHOLE plant that starts on the YOUNG upper leaves (unlike nitrogen, which hits old leaves first). Growth is stunted and spindly.",AGRA,Common bean,Uganda,synthetic,,synthetic (CC0)
505,Correcting Sulphur deficiency in Common bean (Guinea savanna),"Sulphur deficiency in common bean (Phaseolus vulgaris). Correcting it in the Guinea savanna, with one long rainy season and moderately fertile soils: Apply sulphur-containing fertilisers such as single super-phosphate, ammonium sulphate, or elemental sulphur, or use a sulphate foliar spray. In the Guinea savanna, time operations to the single rains, top-dress at the onset of steady rainfall, and use the long season for a full-duration variety.",National Extension Service,Common bean,Tanzania,synthetic,,synthetic (CC0)
506,Preventing Sulphur deficiency in Common bean (Guinea savanna),"Sulphur deficiency in common bean (Phaseolus vulgaris). Preventing it in the Guinea savanna, with one long rainy season and moderately fertile soils: Include sulphur-bearing fertilisers in the programme and build organic matter to supply slow-release sulphur. In the Guinea savanna, time operations to the single rains, top-dress at the onset of steady rainfall, and use the long season for a full-duration variety.",AGRA,Common bean,Tanzania,synthetic,,synthetic (CC0)
507,Correcting Sulphur deficiency in Common bean (Highlands),"Sulphur deficiency in common bean (Phaseolus vulgaris). Correcting it in the cool highlands, where heavy dew and mild temperatures favour foliar fungal diseases: Apply sulphur-containing fertilisers such as single super-phosphate, ammonium sulphate, or elemental sulphur, or use a sulphate foliar spray. In the highlands, the long dewy nights drive foliar disease, so prioritise resistant varieties, wider spacing for airflow, and early scouting.",National Extension Service,Common bean,Ethiopia,synthetic,,synthetic (CC0)
508,Preventing Sulphur deficiency in Common bean (Highlands),"Sulphur deficiency in common bean (Phaseolus vulgaris). Preventing it in the cool highlands, where heavy dew and mild temperatures favour foliar fungal diseases: Include sulphur-bearing fertilisers in the programme and build organic matter to supply slow-release sulphur. In the highlands, the long dewy nights drive foliar disease, so prioritise resistant varieties, wider spacing for airflow, and early scouting.",ICRISAT,Common bean,Rwanda,synthetic,,synthetic (CC0)
509,What causes Sulphur deficiency in Cowpea,"Sulphur deficiency in cowpea (Vigna unguiculata). Why it happens: Low organic matter, leaching on sandy soils, and use of high-analysis fertilisers (like urea) that contain no sulphur.",FAO,Cowpea,Burkina Faso,synthetic,,synthetic (CC0)
510,Telling Sulphur deficiency in Cowpea apart from look-alikes,"Sulphur deficiency in cowpea (Vigna unguiculata). How to tell it apart from similar deficiencies: Because Sulphur is not mobile in the plant, the symptoms strike the YOUNGEST, upper leaves first. This separates it from mobile-nutrient shortages such as nitrogen, potassium or magnesium, which begin on the OLDER lower leaves. Confirm with a soil or leaf test before treating.",FAO,Cowpea,Ghana,synthetic,,synthetic (CC0)
511,Identifying Sulphur deficiency in Cowpea,"Sulphur deficiency in cowpea (Vigna unguiculata). How to recognise it in the field: General yellowing of the WHOLE plant that starts on the YOUNG upper leaves (unlike nitrogen, which hits old leaves first). Growth is stunted and spindly.",ICRISAT,Cowpea,Ghana,synthetic,,synthetic (CC0)
512,Correcting Sulphur deficiency in Cowpea (Guinea savanna),"Sulphur deficiency in cowpea (Vigna unguiculata). Correcting it in the Guinea savanna, with one long rainy season and moderately fertile soils: Apply sulphur-containing fertilisers such as single super-phosphate, ammonium sulphate, or elemental sulphur, or use a sulphate foliar spray. In the Guinea savanna, time operations to the single rains, top-dress at the onset of steady rainfall, and use the long season for a full-duration variety.",AGRA,Cowpea,Ghana,synthetic,,synthetic (CC0)
513,Preventing Sulphur deficiency in Cowpea (Guinea savanna),"Sulphur deficiency in cowpea (Vigna unguiculata). Preventing it in the Guinea savanna, with one long rainy season and moderately fertile soils: Include sulphur-bearing fertilisers in the programme and build organic matter to supply slow-release sulphur. In the Guinea savanna, time operations to the single rains, top-dress at the onset of steady rainfall, and use the long season for a full-duration variety.",IITA,Cowpea,Ghana,synthetic,,synthetic (CC0)
514,Correcting Sulphur deficiency in Cowpea (Humid forest),"Sulphur deficiency in cowpea (Vigna unguiculata). Correcting it in the humid forest zone, where heavy rainfall leaches and acidifies soils and fungal pressure is high: Apply sulphur-containing fertilisers such as single super-phosphate, ammonium sulphate, or elemental sulphur, or use a sulphate foliar spray. In the humid forest, correct soil acidity with lime, watch for rapid fungal spread under the canopy, and improve drainage on the heavy leached soils.",Plantwise,Cowpea,Nigeria,synthetic,,synthetic (CC0)
515,Preventing Sulphur deficiency in Cowpea (Humid forest),"Sulphur deficiency in cowpea (Vigna unguiculata). Preventing it in the humid forest zone, where heavy rainfall leaches and acidifies soils and fungal pressure is high: Include sulphur-bearing fertilisers in the programme and build organic matter to supply slow-release sulphur. In the humid forest, correct soil acidity with lime, watch for rapid fungal spread under the canopy, and improve drainage on the heavy leached soils.",CGIAR,Cowpea,Nigeria,synthetic,,synthetic (CC0)
516,Correcting Sulphur deficiency in Cowpea (Sahel),"Sulphur deficiency in cowpea (Vigna unguiculata). Correcting it in the hot semi-arid Sahel, where rains are short and erratic and sandy soils leach nutrients quickly: Apply sulphur-containing fertilisers such as single super-phosphate, ammonium sulphate, or elemental sulphur, or use a sulphate foliar spray. Because sandy Sahelian soils leach fast, split applications finely, micro-dose into the planting hole, and conserve every drop of moisture with mulch and tied ridges.",National Extension Service,Cowpea,Nigeria,synthetic,,synthetic (CC0)
517,Preventing Sulphur deficiency in Cowpea (Sahel),"Sulphur deficiency in cowpea (Vigna unguiculata). Preventing it in the hot semi-arid Sahel, where rains are short and erratic and sandy soils leach nutrients quickly: Include sulphur-bearing fertilisers in the programme and build organic matter to supply slow-release sulphur. Because sandy Sahelian soils leach fast, split applications finely, micro-dose into the planting hole, and conserve every drop of moisture with mulch and tied ridges.",National Extension Service,Cowpea,Ghana,synthetic,,synthetic (CC0)
518,What causes Sulphur deficiency in Groundnut,"Sulphur deficiency in groundnut (Arachis hypogaea). Why it happens: Low organic matter, leaching on sandy soils, and use of high-analysis fertilisers (like urea) that contain no sulphur.",National Extension Service,Groundnut,Nigeria,synthetic,,synthetic (CC0)
519,Telling Sulphur deficiency in Groundnut apart from look-alikes,"Sulphur deficiency in groundnut (Arachis hypogaea). How to tell it apart from similar deficiencies: Because Sulphur is not mobile in the plant, the symptoms strike the YOUNGEST, upper leaves first. This separates it from mobile-nutrient shortages such as nitrogen, potassium or magnesium, which begin on the OLDER lower leaves. Confirm with a soil or leaf test before treating.",CGIAR,Groundnut,Ghana,synthetic,,synthetic (CC0)
520,Identifying Sulphur deficiency in Groundnut,"Sulphur deficiency in groundnut (Arachis hypogaea). How to recognise it in the field: General yellowing of the WHOLE plant that starts on the YOUNG upper leaves (unlike nitrogen, which hits old leaves first). Growth is stunted and spindly.",IITA,Groundnut,Sudan,synthetic,,synthetic (CC0)
521,Correcting Sulphur deficiency in Groundnut (Guinea savanna),"Sulphur deficiency in groundnut (Arachis hypogaea). Correcting it in the Guinea savanna, with one long rainy season and moderately fertile soils: Apply sulphur-containing fertilisers such as single super-phosphate, ammonium sulphate, or elemental sulphur, or use a sulphate foliar spray. In the Guinea savanna, time operations to the single rains, top-dress at the onset of steady rainfall, and use the long season for a full-duration variety.",AGRA,Groundnut,Senegal,synthetic,,synthetic (CC0)
522,Preventing Sulphur deficiency in Groundnut (Guinea savanna),"Sulphur deficiency in groundnut (Arachis hypogaea). Preventing it in the Guinea savanna, with one long rainy season and moderately fertile soils: Include sulphur-bearing fertilisers in the programme and build organic matter to supply slow-release sulphur. In the Guinea savanna, time operations to the single rains, top-dress at the onset of steady rainfall, and use the long season for a full-duration variety.",National Extension Service,Groundnut,Sudan,synthetic,,synthetic (CC0)
523,Correcting Sulphur deficiency in Groundnut (Humid forest),"Sulphur deficiency in groundnut (Arachis hypogaea). Correcting it in the humid forest zone, where heavy rainfall leaches and acidifies soils and fungal pressure is high: Apply sulphur-containing fertilisers such as single super-phosphate, ammonium sulphate, or elemental sulphur, or use a sulphate foliar spray. In the humid forest, correct soil acidity with lime, watch for rapid fungal spread under the canopy, and improve drainage on the heavy leached soils.",CGIAR,Groundnut,Malawi,synthetic,,synthetic (CC0)
524,Preventing Sulphur deficiency in Groundnut (Humid forest),"Sulphur deficiency in groundnut (Arachis hypogaea). Preventing it in the humid forest zone, where heavy rainfall leaches and acidifies soils and fungal pressure is high: Include sulphur-bearing fertilisers in the programme and build organic matter to supply slow-release sulphur. In the humid forest, correct soil acidity with lime, watch for rapid fungal spread under the canopy, and improve drainage on the heavy leached soils.",Plantwise,Groundnut,Senegal,synthetic,,synthetic (CC0)
525,Correcting Sulphur deficiency in Groundnut (Sahel),"Sulphur deficiency in groundnut (Arachis hypogaea). Correcting it in the hot semi-arid Sahel, where rains are short and erratic and sandy soils leach nutrients quickly: Apply sulphur-containing fertilisers such as single super-phosphate, ammonium sulphate, or elemental sulphur, or use a sulphate foliar spray. Because sandy Sahelian soils leach fast, split applications finely, micro-dose into the planting hole, and conserve every drop of moisture with mulch and tied ridges.",CGIAR,Groundnut,Ghana,synthetic,,synthetic (CC0)
526,Preventing Sulphur deficiency in Groundnut (Sahel),"Sulphur deficiency in groundnut (Arachis hypogaea). Preventing it in the hot semi-arid Sahel, where rains are short and erratic and sandy soils leach nutrients quickly: Include sulphur-bearing fertilisers in the programme and build organic matter to supply slow-release sulphur. Because sandy Sahelian soils leach fast, split applications finely, micro-dose into the planting hole, and conserve every drop of moisture with mulch and tied ridges.",National Extension Service,Groundnut,Senegal,synthetic,,synthetic (CC0)
527,What causes Sulphur deficiency in Maize,"Sulphur deficiency in maize (Zea mays). Why it happens: Low organic matter, leaching on sandy soils, and use of high-analysis fertilisers (like urea) that contain no sulphur.",FAO,Maize,Ghana,synthetic,,synthetic (CC0)
528,Telling Sulphur deficiency in Maize apart from look-alikes,"Sulphur deficiency in maize (Zea mays). How to tell it apart from similar deficiencies: Because Sulphur is not mobile in the plant, the symptoms strike the YOUNGEST, upper leaves first. This separates it from mobile-nutrient shortages such as nitrogen, potassium or magnesium, which begin on the OLDER lower leaves. Confirm with a soil or leaf test before treating.",National Extension Service,Maize,Zambia,synthetic,,synthetic (CC0)
529,Identifying Sulphur deficiency in Maize,"Sulphur deficiency in maize (Zea mays). How to recognise it in the field: General yellowing of the WHOLE plant that starts on the YOUNG upper leaves (unlike nitrogen, which hits old leaves first). Growth is stunted and spindly.",AGRA,Maize,Ghana,synthetic,,synthetic (CC0)
530,Correcting Sulphur deficiency in Maize (Guinea savanna),"Sulphur deficiency in maize (Zea mays). Correcting it in the Guinea savanna, with one long rainy season and moderately fertile soils: Apply sulphur-containing fertilisers such as single super-phosphate, ammonium sulphate, or elemental sulphur, or use a sulphate foliar spray. In the Guinea savanna, time operations to the single rains, top-dress at the onset of steady rainfall, and use the long season for a full-duration variety.",Plantwise,Maize,Kenya,synthetic,,synthetic (CC0)
531,Preventing Sulphur deficiency in Maize (Guinea savanna),"Sulphur deficiency in maize (Zea mays). Preventing it in the Guinea savanna, with one long rainy season and moderately fertile soils: Include sulphur-bearing fertilisers in the programme and build organic matter to supply slow-release sulphur. In the Guinea savanna, time operations to the single rains, top-dress at the onset of steady rainfall, and use the long season for a full-duration variety.",FAO,Maize,Zambia,synthetic,,synthetic (CC0)
532,Correcting Sulphur deficiency in Maize (Highlands),"Sulphur deficiency in maize (Zea mays). Correcting it in the cool highlands, where heavy dew and mild temperatures favour foliar fungal diseases: Apply sulphur-containing fertilisers such as single super-phosphate, ammonium sulphate, or elemental sulphur, or use a sulphate foliar spray. In the highlands, the long dewy nights drive foliar disease, so prioritise resistant varieties, wider spacing for airflow, and early scouting.",FAO,Maize,Zambia,synthetic,,synthetic (CC0)
533,Preventing Sulphur deficiency in Maize (Highlands),"Sulphur deficiency in maize (Zea mays). Preventing it in the cool highlands, where heavy dew and mild temperatures favour foliar fungal diseases: Include sulphur-bearing fertilisers in the programme and build organic matter to supply slow-release sulphur. In the highlands, the long dewy nights drive foliar disease, so prioritise resistant varieties, wider spacing for airflow, and early scouting.",CGIAR,Maize,Kenya,synthetic,,synthetic (CC0)
534,Correcting Sulphur deficiency in Maize (Humid forest),"Sulphur deficiency in maize (Zea mays). Correcting it in the humid forest zone, where heavy rainfall leaches and acidifies soils and fungal pressure is high: Apply sulphur-containing fertilisers such as single super-phosphate, ammonium sulphate, or elemental sulphur, or use a sulphate foliar spray. In the humid forest, correct soil acidity with lime, watch for rapid fungal spread under the canopy, and improve drainage on the heavy leached soils.",ICRISAT,Maize,Nigeria,synthetic,,synthetic (CC0)
535,Preventing Sulphur deficiency in Maize (Humid forest),"Sulphur deficiency in maize (Zea mays). Preventing it in the humid forest zone, where heavy rainfall leaches and acidifies soils and fungal pressure is high: Include sulphur-bearing fertilisers in the programme and build organic matter to supply slow-release sulphur. In the humid forest, correct soil acidity with lime, watch for rapid fungal spread under the canopy, and improve drainage on the heavy leached soils.",Plantwise,Maize,Nigeria,synthetic,,synthetic (CC0)
536,What causes Zinc deficiency in Common bean,"Zinc deficiency in common bean (Phaseolus vulgaris). Why it happens: High-pH and calcareous soils, very high phosphorus levels that antagonise zinc, sandy low-organic-matter soils, and land levelling that exposes subsoil.",Plantwise,Common bean,Tanzania,synthetic,,synthetic (CC0)
537,Telling Zinc deficiency in Common bean apart from look-alikes,"Zinc deficiency in common bean (Phaseolus vulgaris). How to tell it apart from similar deficiencies: Because Zinc is not mobile in the plant, the symptoms strike the YOUNGEST, upper leaves first. This separates it from mobile-nutrient shortages such as nitrogen, potassium or magnesium, which begin on the OLDER lower leaves. Confirm with a soil or leaf test before treating.",National Extension Service,Common bean,Kenya,synthetic,,synthetic (CC0)
538,Identifying Zinc deficiency in Common bean,"Zinc deficiency in common bean (Phaseolus vulgaris). How to recognise it in the field: Interveinal chlorosis (yellow stripes between green veins) on the YOUNG upper leaves, shortened internodes giving a rosette or 'little-leaf' look, and in maize a broad white-to-yellow band on either side of the midrib.",National Extension Service,Common bean,Tanzania,synthetic,,synthetic (CC0)
539,Correcting Zinc deficiency in Common bean (Guinea savanna),"Zinc deficiency in common bean (Phaseolus vulgaris). Correcting it in the Guinea savanna, with one long rainy season and moderately fertile soils: Apply zinc sulphate to the soil or as a 0.5% foliar spray on young plants; seed treatment with zinc also helps short-season cereals. In the Guinea savanna, time operations to the single rains, top-dress at the onset of steady rainfall, and use the long season for a full-duration variety.",ICRISAT,Common bean,Uganda,synthetic,,synthetic (CC0)
540,Preventing Zinc deficiency in Common bean (Guinea savanna),"Zinc deficiency in common bean (Phaseolus vulgaris). Preventing it in the Guinea savanna, with one long rainy season and moderately fertile soils: Maintain organic matter, avoid over-application of phosphorus, and use zinc-enriched fertiliser blends on known-deficient fields. In the Guinea savanna, time operations to the single rains, top-dress at the onset of steady rainfall, and use the long season for a full-duration variety.",CGIAR,Common bean,Kenya,synthetic,,synthetic (CC0)
541,Correcting Zinc deficiency in Common bean (Highlands),"Zinc deficiency in common bean (Phaseolus vulgaris). Correcting it in the cool highlands, where heavy dew and mild temperatures favour foliar fungal diseases: Apply zinc sulphate to the soil or as a 0.5% foliar spray on young plants; seed treatment with zinc also helps short-season cereals. In the highlands, the long dewy nights drive foliar disease, so prioritise resistant varieties, wider spacing for airflow, and early scouting.",FAO,Common bean,Ethiopia,synthetic,,synthetic (CC0)
542,Preventing Zinc deficiency in Common bean (Highlands),"Zinc deficiency in common bean (Phaseolus vulgaris). Preventing it in the cool highlands, where heavy dew and mild temperatures favour foliar fungal diseases: Maintain organic matter, avoid over-application of phosphorus, and use zinc-enriched fertiliser blends on known-deficient fields. In the highlands, the long dewy nights drive foliar disease, so prioritise resistant varieties, wider spacing for airflow, and early scouting.",National Extension Service,Common bean,Ethiopia,synthetic,,synthetic (CC0)
543,What causes Zinc deficiency in Maize,"Zinc deficiency in maize (Zea mays). Why it happens: High-pH and calcareous soils, very high phosphorus levels that antagonise zinc, sandy low-organic-matter soils, and land levelling that exposes subsoil.",IITA,Maize,Zambia,synthetic,,synthetic (CC0)
544,Telling Zinc deficiency in Maize apart from look-alikes,"Zinc deficiency in maize (Zea mays). How to tell it apart from similar deficiencies: Because Zinc is not mobile in the plant, the symptoms strike the YOUNGEST, upper leaves first. This separates it from mobile-nutrient shortages such as nitrogen, potassium or magnesium, which begin on the OLDER lower leaves. Confirm with a soil or leaf test before treating.",IITA,Maize,Ghana,synthetic,,synthetic (CC0)
545,Identifying Zinc deficiency in Maize,"Zinc deficiency in maize (Zea mays). How to recognise it in the field: Interveinal chlorosis (yellow stripes between green veins) on the YOUNG upper leaves, shortened internodes giving a rosette or 'little-leaf' look, and in maize a broad white-to-yellow band on either side of the midrib.",AGRA,Maize,Kenya,synthetic,,synthetic (CC0)
546,Correcting Zinc deficiency in Maize (Guinea savanna),"Zinc deficiency in maize (Zea mays). Correcting it in the Guinea savanna, with one long rainy season and moderately fertile soils: Apply zinc sulphate to the soil or as a 0.5% foliar spray on young plants; seed treatment with zinc also helps short-season cereals. In the Guinea savanna, time operations to the single rains, top-dress at the onset of steady rainfall, and use the long season for a full-duration variety.",National Extension Service,Maize,Kenya,synthetic,,synthetic (CC0)
547,Preventing Zinc deficiency in Maize (Guinea savanna),"Zinc deficiency in maize (Zea mays). Preventing it in the Guinea savanna, with one long rainy season and moderately fertile soils: Maintain organic matter, avoid over-application of phosphorus, and use zinc-enriched fertiliser blends on known-deficient fields. In the Guinea savanna, time operations to the single rains, top-dress at the onset of steady rainfall, and use the long season for a full-duration variety.",CGIAR,Maize,Tanzania,synthetic,,synthetic (CC0)
548,Correcting Zinc deficiency in Maize (Highlands),"Zinc deficiency in maize (Zea mays). Correcting it in the cool highlands, where heavy dew and mild temperatures favour foliar fungal diseases: Apply zinc sulphate to the soil or as a 0.5% foliar spray on young plants; seed treatment with zinc also helps short-season cereals. In the highlands, the long dewy nights drive foliar disease, so prioritise resistant varieties, wider spacing for airflow, and early scouting.",National Extension Service,Maize,Ghana,synthetic,,synthetic (CC0)
549,Preventing Zinc deficiency in Maize (Highlands),"Zinc deficiency in maize (Zea mays). Preventing it in the cool highlands, where heavy dew and mild temperatures favour foliar fungal diseases: Maintain organic matter, avoid over-application of phosphorus, and use zinc-enriched fertiliser blends on known-deficient fields. In the highlands, the long dewy nights drive foliar disease, so prioritise resistant varieties, wider spacing for airflow, and early scouting.",IITA,Maize,Ghana,synthetic,,synthetic (CC0)
550,Correcting Zinc deficiency in Maize (Humid forest),"Zinc deficiency in maize (Zea mays). Correcting it in the humid forest zone, where heavy rainfall leaches and acidifies soils and fungal pressure is high: Apply zinc sulphate to the soil or as a 0.5% foliar spray on young plants; seed treatment with zinc also helps short-season cereals. In the humid forest, correct soil acidity with lime, watch for rapid fungal spread under the canopy, and improve drainage on the heavy leached soils.",ICRISAT,Maize,Zambia,synthetic,,synthetic (CC0)
551,Preventing Zinc deficiency in Maize (Humid forest),"Zinc deficiency in maize (Zea mays). Preventing it in the humid forest zone, where heavy rainfall leaches and acidifies soils and fungal pressure is high: Maintain organic matter, avoid over-application of phosphorus, and use zinc-enriched fertiliser blends on known-deficient fields. In the humid forest, correct soil acidity with lime, watch for rapid fungal spread under the canopy, and improve drainage on the heavy leached soils.",National Extension Service,Maize,Kenya,synthetic,,synthetic (CC0)
552,What causes Zinc deficiency in Rice,"Zinc deficiency in rice (Oryza sativa). Why it happens: High-pH and calcareous soils, very high phosphorus levels that antagonise zinc, sandy low-organic-matter soils, and land levelling that exposes subsoil.",FAO,Rice,Mali,synthetic,,synthetic (CC0)
553,Telling Zinc deficiency in Rice apart from look-alikes,"Zinc deficiency in rice (Oryza sativa). How to tell it apart from similar deficiencies: Because Zinc is not mobile in the plant, the symptoms strike the YOUNGEST, upper leaves first. This separates it from mobile-nutrient shortages such as nitrogen, potassium or magnesium, which begin on the OLDER lower leaves. Confirm with a soil or leaf test before treating.",FAO,Rice,Tanzania,synthetic,,synthetic (CC0)
554,Identifying Zinc deficiency in Rice,"Zinc deficiency in rice (Oryza sativa). How to recognise it in the field: Interveinal chlorosis (yellow stripes between green veins) on the YOUNG upper leaves, shortened internodes giving a rosette or 'little-leaf' look, and in maize a broad white-to-yellow band on either side of the midrib.",IITA,Rice,Senegal,synthetic,,synthetic (CC0)
555,Correcting Zinc deficiency in Rice (Guinea savanna),"Zinc deficiency in rice (Oryza sativa). Correcting it in the Guinea savanna, with one long rainy season and moderately fertile soils: Apply zinc sulphate to the soil or as a 0.5% foliar spray on young plants; seed treatment with zinc also helps short-season cereals. In the Guinea savanna, time operations to the single rains, top-dress at the onset of steady rainfall, and use the long season for a full-duration variety.",ICRISAT,Rice,Madagascar,synthetic,,synthetic (CC0)
556,Preventing Zinc deficiency in Rice (Guinea savanna),"Zinc deficiency in rice (Oryza sativa). Preventing it in the Guinea savanna, with one long rainy season and moderately fertile soils: Maintain organic matter, avoid over-application of phosphorus, and use zinc-enriched fertiliser blends on known-deficient fields. In the Guinea savanna, time operations to the single rains, top-dress at the onset of steady rainfall, and use the long season for a full-duration variety.",AGRA,Rice,Tanzania,synthetic,,synthetic (CC0)
557,Correcting Zinc deficiency in Rice (Humid forest),"Zinc deficiency in rice (Oryza sativa). Correcting it in the humid forest zone, where heavy rainfall leaches and acidifies soils and fungal pressure is high: Apply zinc sulphate to the soil or as a 0.5% foliar spray on young plants; seed treatment with zinc also helps short-season cereals. In the humid forest, correct soil acidity with lime, watch for rapid fungal spread under the canopy, and improve drainage on the heavy leached soils.",National Extension Service,Rice,Madagascar,synthetic,,synthetic (CC0)
558,Preventing Zinc deficiency in Rice (Humid forest),"Zinc deficiency in rice (Oryza sativa). Preventing it in the humid forest zone, where heavy rainfall leaches and acidifies soils and fungal pressure is high: Maintain organic matter, avoid over-application of phosphorus, and use zinc-enriched fertiliser blends on known-deficient fields. In the humid forest, correct soil acidity with lime, watch for rapid fungal spread under the canopy, and improve drainage on the heavy leached soils.",ICRISAT,Rice,Senegal,synthetic,,synthetic (CC0)
559,Correcting Zinc deficiency in Rice (Irrigated lowland),"Zinc deficiency in rice (Oryza sativa). Correcting it in irrigated lowlands, where standing water and continuous cropping raise disease and salinity risk: Apply zinc sulphate to the soil or as a 0.5% foliar spray on young plants; seed treatment with zinc also helps short-season cereals. Under irrigation, manage water carefully: intermittent draining cuts disease and salinity, and avoid the excess nitrogen that standing water encourages.",FAO,Rice,Madagascar,synthetic,,synthetic (CC0)
560,Preventing Zinc deficiency in Rice (Irrigated lowland),"Zinc deficiency in rice (Oryza sativa). Preventing it in irrigated lowlands, where standing water and continuous cropping raise disease and salinity risk: Maintain organic matter, avoid over-application of phosphorus, and use zinc-enriched fertiliser blends on known-deficient fields. Under irrigation, manage water carefully: intermittent draining cuts disease and salinity, and avoid the excess nitrogen that standing water encourages.",Plantwise,Rice,Nigeria,synthetic,,synthetic (CC0)
561,What causes Zinc deficiency in Tomato,"Zinc deficiency in tomato (Solanum lycopersicum). Why it happens: High-pH and calcareous soils, very high phosphorus levels that antagonise zinc, sandy low-organic-matter soils, and land levelling that exposes subsoil.",National Extension Service,Tomato,Egypt,synthetic,,synthetic (CC0)
562,Telling Zinc deficiency in Tomato apart from look-alikes,"Zinc deficiency in tomato (Solanum lycopersicum). How to tell it apart from similar deficiencies: Because Zinc is not mobile in the plant, the symptoms strike the YOUNGEST, upper leaves first. This separates it from mobile-nutrient shortages such as nitrogen, potassium or magnesium, which begin on the OLDER lower leaves. Confirm with a soil or leaf test before treating.",CGIAR,Tomato,Kenya,synthetic,,synthetic (CC0)
563,Identifying Zinc deficiency in Tomato,"Zinc deficiency in tomato (Solanum lycopersicum). How to recognise it in the field: Interveinal chlorosis (yellow stripes between green veins) on the YOUNG upper leaves, shortened internodes giving a rosette or 'little-leaf' look, and in maize a broad white-to-yellow band on either side of the midrib.",ICRISAT,Tomato,Kenya,synthetic,,synthetic (CC0)
564,Correcting Zinc deficiency in Tomato (Guinea savanna),"Zinc deficiency in tomato (Solanum lycopersicum). Correcting it in the Guinea savanna, with one long rainy season and moderately fertile soils: Apply zinc sulphate to the soil or as a 0.5% foliar spray on young plants; seed treatment with zinc also helps short-season cereals. In the Guinea savanna, time operations to the single rains, top-dress at the onset of steady rainfall, and use the long season for a full-duration variety.",FAO,Tomato,Nigeria,synthetic,,synthetic (CC0)
565,Preventing Zinc deficiency in Tomato (Guinea savanna),"Zinc deficiency in tomato (Solanum lycopersicum). Preventing it in the Guinea savanna, with one long rainy season and moderately fertile soils: Maintain organic matter, avoid over-application of phosphorus, and use zinc-enriched fertiliser blends on known-deficient fields. In the Guinea savanna, time operations to the single rains, top-dress at the onset of steady rainfall, and use the long season for a full-duration variety.",ICRISAT,Tomato,Nigeria,synthetic,,synthetic (CC0)
566,Correcting Zinc deficiency in Tomato (Highlands),"Zinc deficiency in tomato (Solanum lycopersicum). Correcting it in the cool highlands, where heavy dew and mild temperatures favour foliar fungal diseases: Apply zinc sulphate to the soil or as a 0.5% foliar spray on young plants; seed treatment with zinc also helps short-season cereals. In the highlands, the long dewy nights drive foliar disease, so prioritise resistant varieties, wider spacing for airflow, and early scouting.",AGRA,Tomato,Nigeria,synthetic,,synthetic (CC0)
567,Preventing Zinc deficiency in Tomato (Highlands),"Zinc deficiency in tomato (Solanum lycopersicum). Preventing it in the cool highlands, where heavy dew and mild temperatures favour foliar fungal diseases: Maintain organic matter, avoid over-application of phosphorus, and use zinc-enriched fertiliser blends on known-deficient fields. In the highlands, the long dewy nights drive foliar disease, so prioritise resistant varieties, wider spacing for airflow, and early scouting.",AGRA,Tomato,Kenya,synthetic,,synthetic (CC0)
568,Correcting Zinc deficiency in Tomato (Irrigated lowland),"Zinc deficiency in tomato (Solanum lycopersicum). Correcting it in irrigated lowlands, where standing water and continuous cropping raise disease and salinity risk: Apply zinc sulphate to the soil or as a 0.5% foliar spray on young plants; seed treatment with zinc also helps short-season cereals. Under irrigation, manage water carefully: intermittent draining cuts disease and salinity, and avoid the excess nitrogen that standing water encourages.",CGIAR,Tomato,Nigeria,synthetic,,synthetic (CC0)
569,Preventing Zinc deficiency in Tomato (Irrigated lowland),"Zinc deficiency in tomato (Solanum lycopersicum). Preventing it in irrigated lowlands, where standing water and continuous cropping raise disease and salinity risk: Maintain organic matter, avoid over-application of phosphorus, and use zinc-enriched fertiliser blends on known-deficient fields. Under irrigation, manage water carefully: intermittent draining cuts disease and salinity, and avoid the excess nitrogen that standing water encourages.",FAO,Tomato,Nigeria,synthetic,,synthetic (CC0)
570,Micronutrient Deficiencies in Sub-Saharan Africa Soils,"A synthesis of agronomic datasets and scientific literature reveals widespread micronutrient deficiencies in arable soils of sub-Saharan Africa (SSA). Zinc (Zn) is the most prevalent deficiency, followed by boron (B), iron (Fe), molybdenum (Mo), and copper (Cu). The co-occurrence of multiple micronutrient deficiencies is common, impacting the nutritional quality of key food crops such as maize, beans, wheat, and rice. Micronutrient fertilization and agronomic biofortification can enhance micronutrient concentrations in edible plant parts, proving profitable in 60–80% of cases. However, variations in plant nutritional quality and profitability are significant, influenced by factors such as crop species, fertilizer types, application methods, climate, initial soil conditions, and soil chemistry. To improve micronutrient use efficiency, it is essential to adapt fertilizer rates and types to specific soil and management conditions. This approach can help address the micronutrient deficiencies affecting crop yields and nutritional quality in SSA.",CGIAR,Maize,Kenya,llm_grounded,https://hdl.handle.net/10568/106799,CC-BY-4.0
571,Damage caused by Bean Aphid on Common bean,"Bean Aphid (Aphis fabae), a pest of common bean. The damage it does: Sap-sucking curls and stunts shoots, reduces pod set, and transmits viruses; sooty mould fouls leaves.",Plantwise,Common bean,Ethiopia,synthetic,,synthetic (CC0)
572,Identifying Bean Aphid on Common bean,"Bean Aphid (Aphis fabae), a pest of common bean. How to identify it: Dense colonies of small black soft-bodied insects on shoots, flower stalks and pod tips, with sticky honeydew and sooty mould.",National Extension Service,Common bean,Ethiopia,synthetic,,synthetic (CC0)
573,Controlling Bean Aphid on Common bean (Guinea savanna),"Bean Aphid (Aphis fabae), a pest of common bean. Controlling it in the Guinea savanna, with one long rainy season and moderately fertile soils: Conserve ladybirds and parasitoids, spray soap or neem on hotspots, and use a selective aphicide only at high pressure. In the Guinea savanna, time operations to the single rains, top-dress at the onset of steady rainfall, and use the long season for a full-duration variety.",National Extension Service,Common bean,Uganda,synthetic,,synthetic (CC0)
574,Preventing Bean Aphid on Common bean (Guinea savanna),"Bean Aphid (Aphis fabae), a pest of common bean. Preventing attack in the Guinea savanna, with one long rainy season and moderately fertile soils: Encourage natural enemies with flower strips, avoid excess nitrogen, and scout shoots early. In the Guinea savanna, time operations to the single rains, top-dress at the onset of steady rainfall, and use the long season for a full-duration variety.",ICRISAT,Common bean,Rwanda,synthetic,,synthetic (CC0)
575,Controlling Bean Aphid on Common bean (Highlands),"Bean Aphid (Aphis fabae), a pest of common bean. Controlling it in the cool highlands, where heavy dew and mild temperatures favour foliar fungal diseases: Conserve ladybirds and parasitoids, spray soap or neem on hotspots, and use a selective aphicide only at high pressure. In the highlands, the long dewy nights drive foliar disease, so prioritise resistant varieties, wider spacing for airflow, and early scouting.",FAO,Common bean,Ethiopia,synthetic,,synthetic (CC0)
576,Preventing Bean Aphid on Common bean (Highlands),"Bean Aphid (Aphis fabae), a pest of common bean. Preventing attack in the cool highlands, where heavy dew and mild temperatures favour foliar fungal diseases: Encourage natural enemies with flower strips, avoid excess nitrogen, and scout shoots early. In the highlands, the long dewy nights drive foliar disease, so prioritise resistant varieties, wider spacing for airflow, and early scouting.",ICRISAT,Common bean,Ethiopia,synthetic,,synthetic (CC0)
577,Damage caused by Cassava Green Mite on Cassava,"Cassava Green Mite (Mononychellus tanajoa), a pest of cassava. The damage it does: Feeding bleaches chlorophyll, kills shoot tips and can cut root yield substantially during prolonged drought.",FAO,Cassava,DR Congo,synthetic,,synthetic (CC0)
578,Identifying Cassava Green Mite on Cassava,"Cassava Green Mite (Mononychellus tanajoa), a pest of cassava. How to identify it: Tiny green mites on the underside of young leaves; leaves show fine yellow speckling, become mottled and reduced, and tips look scorched in the dry season.",AGRA,Cassava,DR Congo,synthetic,,synthetic (CC0)
579,Controlling Cassava Green Mite on Cassava (Guinea savanna),"Cassava Green Mite (Mononychellus tanajoa), a pest of cassava. Controlling it in the Guinea savanna, with one long rainy season and moderately fertile soils: Release predatory mites (Typhlodromalus aripo), use tolerant varieties, and keep plants vigorous with good agronomy. In the Guinea savanna, time operations to the single rains, top-dress at the onset of steady rainfall, and use the long season for a full-duration variety.",FAO,Cassava,Nigeria,synthetic,,synthetic (CC0)
580,Preventing Cassava Green Mite on Cassava (Guinea savanna),"Cassava Green Mite (Mononychellus tanajoa), a pest of cassava. Preventing attack in the Guinea savanna, with one long rainy season and moderately fertile soils: Grow tolerant varieties, use clean cuttings, and conserve predatory mites. In the Guinea savanna, time operations to the single rains, top-dress at the onset of steady rainfall, and use the long season for a full-duration variety.",CGIAR,Cassava,Nigeria,synthetic,,synthetic (CC0)
581,Controlling Cassava Green Mite on Cassava (Humid forest),"Cassava Green Mite (Mononychellus tanajoa), a pest of cassava. Controlling it in the humid forest zone, where heavy rainfall leaches and acidifies soils and fungal pressure is high: Release predatory mites (Typhlodromalus aripo), use tolerant varieties, and keep plants vigorous with good agronomy. In the humid forest, correct soil acidity with lime, watch for rapid fungal spread under the canopy, and improve drainage on the heavy leached soils.",AGRA,Cassava,DR Congo,synthetic,,synthetic (CC0)
582,Preventing Cassava Green Mite on Cassava (Humid forest),"Cassava Green Mite (Mononychellus tanajoa), a pest of cassava. Preventing attack in the humid forest zone, where heavy rainfall leaches and acidifies soils and fungal pressure is high: Grow tolerant varieties, use clean cuttings, and conserve predatory mites. In the humid forest, correct soil acidity with lime, watch for rapid fungal spread under the canopy, and improve drainage on the heavy leached soils.",Plantwise,Cassava,Tanzania,synthetic,,synthetic (CC0)
583,Controlling Cassava Green Mite on Cassava (Sahel),"Cassava Green Mite (Mononychellus tanajoa), a pest of cassava. Controlling it in the hot semi-arid Sahel, where rains are short and erratic and sandy soils leach nutrients quickly: Release predatory mites (Typhlodromalus aripo), use tolerant varieties, and keep plants vigorous with good agronomy. Because sandy Sahelian soils leach fast, split applications finely, micro-dose into the planting hole, and conserve every drop of moisture with mulch and tied ridges.",Plantwise,Cassava,Uganda,synthetic,,synthetic (CC0)
584,Preventing Cassava Green Mite on Cassava (Sahel),"Cassava Green Mite (Mononychellus tanajoa), a pest of cassava. Preventing attack in the hot semi-arid Sahel, where rains are short and erratic and sandy soils leach nutrients quickly: Grow tolerant varieties, use clean cuttings, and conserve predatory mites. Because sandy Sahelian soils leach fast, split applications finely, micro-dose into the planting hole, and conserve every drop of moisture with mulch and tied ridges.",AGRA,Cassava,Nigeria,synthetic,,synthetic (CC0)
585,Damage caused by Cassava Mealybug on Cassava,"Cassava Mealybug (Phenacoccus manihoti), a pest of cassava. The damage it does: Sap-sucking distorts and stunts shoot tips, shortens internodes and cuts root yield in dry spells.",National Extension Service,Cassava,Uganda,synthetic,,synthetic (CC0)
586,Identifying Cassava Mealybug on Cassava,"Cassava Mealybug (Phenacoccus manihoti), a pest of cassava. How to identify it: White, waxy, cottony clusters of insects on shoot tips and leaf undersides; tips bunch into a stunted 'bunchy-top'.",ICRISAT,Cassava,Ghana,synthetic,,synthetic (CC0)
587,Controlling Cassava Mealybug on Cassava (Guinea savanna),"Cassava Mealybug (Phenacoccus manihoti), a pest of cassava. Controlling it in the Guinea savanna, with one long rainy season and moderately fertile soils: Conserve and release the parasitoid Anagyrus lopezi (a landmark biocontrol success), use clean cuttings, and avoid disruptive insecticides. In the Guinea savanna, time operations to the single rains, top-dress at the onset of steady rainfall, and use the long season for a full-duration variety.",National Extension Service,Cassava,Uganda,synthetic,,synthetic (CC0)
588,Preventing Cassava Mealybug on Cassava (Guinea savanna),"Cassava Mealybug (Phenacoccus manihoti), a pest of cassava. Preventing attack in the Guinea savanna, with one long rainy season and moderately fertile soils: Plant clean cuttings, support natural enemies, and plant with the rains to outgrow early attack. In the Guinea savanna, time operations to the single rains, top-dress at the onset of steady rainfall, and use the long season for a full-duration variety.",National Extension Service,Cassava,Ghana,synthetic,,synthetic (CC0)
589,Controlling Cassava Mealybug on Cassava (Humid forest),"Cassava Mealybug (Phenacoccus manihoti), a pest of cassava. Controlling it in the humid forest zone, where heavy rainfall leaches and acidifies soils and fungal pressure is high: Conserve and release the parasitoid Anagyrus lopezi (a landmark biocontrol success), use clean cuttings, and avoid disruptive insecticides. In the humid forest, correct soil acidity with lime, watch for rapid fungal spread under the canopy, and improve drainage on the heavy leached soils.",ICRISAT,Cassava,Nigeria,synthetic,,synthetic (CC0)
590,Preventing Cassava Mealybug on Cassava (Humid forest),"Cassava Mealybug (Phenacoccus manihoti), a pest of cassava. Preventing attack in the humid forest zone, where heavy rainfall leaches and acidifies soils and fungal pressure is high: Plant clean cuttings, support natural enemies, and plant with the rains to outgrow early attack. In the humid forest, correct soil acidity with lime, watch for rapid fungal spread under the canopy, and improve drainage on the heavy leached soils.",ICRISAT,Cassava,DR Congo,synthetic,,synthetic (CC0)
591,Controlling Cassava Mealybug on Cassava (Sahel),"Cassava Mealybug (Phenacoccus manihoti), a pest of cassava. Controlling it in the hot semi-arid Sahel, where rains are short and erratic and sandy soils leach nutrients quickly: Conserve and release the parasitoid Anagyrus lopezi (a landmark biocontrol success), use clean cuttings, and avoid disruptive insecticides. Because sandy Sahelian soils leach fast, split applications finely, micro-dose into the planting hole, and conserve every drop of moisture with mulch and tied ridges.",Plantwise,Cassava,Ghana,synthetic,,synthetic (CC0)
592,Preventing Cassava Mealybug on Cassava (Sahel),"Cassava Mealybug (Phenacoccus manihoti), a pest of cassava. Preventing attack in the hot semi-arid Sahel, where rains are short and erratic and sandy soils leach nutrients quickly: Plant clean cuttings, support natural enemies, and plant with the rains to outgrow early attack. Because sandy Sahelian soils leach fast, split applications finely, micro-dose into the planting hole, and conserve every drop of moisture with mulch and tied ridges.",National Extension Service,Cassava,DR Congo,synthetic,,synthetic (CC0)
593,Damage caused by Fall Armyworm on Maize,"Fall Armyworm (Spodoptera frugiperda), a pest of maize. The damage it does: Ragged 'windowing' and elongated holes in whorl leaves, and direct feeding into the cob; heavy infestations destroy the growing point.",CGIAR,Maize,Tanzania,synthetic,,synthetic (CC0)
594,Identifying Fall Armyworm on Maize,"Fall Armyworm (Spodoptera frugiperda), a pest of maize. How to identify it: Caterpillars with a pale inverted Y on the head and four dark spots in a square on the second-to-last segment; found deep in the whorl with moist sawdust-like frass.",Plantwise,Maize,Nigeria,synthetic,,synthetic (CC0)
595,Understanding Fall Armyworm Impact on Maize and Rice,"Fall Armyworm (FAW), Spodoptera frugiperda, is a significant pest affecting over 350 plant species, including maize and rice. Research indicates that the developmental period from egg to adult is longer when FAW feeds on rice compared to maize, extending larval development by 15.15%. FAW larvae reared on maize exhibit higher weights than those on rice, although pupal weights are similar across both crops. Notably, female FAW adults emerge before males, with females from maize appearing 3.36 days earlier. Additionally, females from rice have longer pre-oviposition periods and shorter oviposition periods than those from maize. The age-specific fecundity rate peaks at 40 days for rice and 33 days for maize. Feeding on maize enhances reproduction rates, with the intrinsic rate of natural increase (rm) rising from 0.121 on rice to 0.173 on maize. Consequently, FAW feeding on rice leads to longer generation lengths and doubling times, highlighting the importance of effective pest management strategies in maize cultivation.",CGIAR,Maize,Nigeria,llm_grounded,https://hdl.handle.net/10568/131798,CC-BY-4.0
596,Controlling Fall Armyworm on Maize (Guinea savanna),"Fall Armyworm (Spodoptera frugiperda), a pest of maize. Controlling it in the Guinea savanna, with one long rainy season and moderately fertile soils: Scout weekly, hand-pick or apply a few grains of sand/ash or biopesticide (Bt, neem) into the whorl, and use selective insecticides only at threshold to protect natural enemies. In the Guinea savanna, time operations to the single rains, top-dress at the onset of steady rainfall, and use the long season for a full-duration variety.",ICRISAT,Maize,Tanzania,synthetic,,synthetic (CC0)
597,Preventing Fall Armyworm on Maize (Guinea savanna),"Fall Armyworm (Spodoptera frugiperda), a pest of maize. Preventing attack in the Guinea savanna, with one long rainy season and moderately fertile soils: Plant early and uniformly, intercrop with legumes, conserve natural enemies, and avoid broad-spectrum sprays that flare outbreaks. In the Guinea savanna, time operations to the single rains, top-dress at the onset of steady rainfall, and use the long season for a full-duration variety.",Plantwise,Maize,Kenya,synthetic,,synthetic (CC0)
598,Controlling Fall Armyworm on Maize (Highlands),"Fall Armyworm (Spodoptera frugiperda), a pest of maize. Controlling it in the cool highlands, where heavy dew and mild temperatures favour foliar fungal diseases: Scout weekly, hand-pick or apply a few grains of sand/ash or biopesticide (Bt, neem) into the whorl, and use selective insecticides only at threshold to protect natural enemies. In the highlands, the long dewy nights drive foliar disease, so prioritise resistant varieties, wider spacing for airflow, and early scouting.",IITA,Maize,Zambia,synthetic,,synthetic (CC0)
599,Preventing Fall Armyworm on Maize (Highlands),"Fall Armyworm (Spodoptera frugiperda), a pest of maize. Preventing attack in the cool highlands, where heavy dew and mild temperatures favour foliar fungal diseases: Plant early and uniformly, intercrop with legumes, conserve natural enemies, and avoid broad-spectrum sprays that flare outbreaks. In the highlands, the long dewy nights drive foliar disease, so prioritise resistant varieties, wider spacing for airflow, and early scouting.",National Extension Service,Maize,Ghana,synthetic,,synthetic (CC0)
600,Controlling Fall Armyworm on Maize (Humid forest),"Fall Armyworm (Spodoptera frugiperda), a pest of maize. Controlling it in the humid forest zone, where heavy rainfall leaches and acidifies soils and fungal pressure is high: Scout weekly, hand-pick or apply a few grains of sand/ash or biopesticide (Bt, neem) into the whorl, and use selective insecticides only at threshold to protect natural enemies. In the humid forest, correct soil acidity with lime, watch for rapid fungal spread under the canopy, and improve drainage on the heavy leached soils.",CGIAR,Maize,Ghana,synthetic,,synthetic (CC0)
601,Preventing Fall Armyworm on Maize (Humid forest),"Fall Armyworm (Spodoptera frugiperda), a pest of maize. Preventing attack in the humid forest zone, where heavy rainfall leaches and acidifies soils and fungal pressure is high: Plant early and uniformly, intercrop with legumes, conserve natural enemies, and avoid broad-spectrum sprays that flare outbreaks. In the humid forest, correct soil acidity with lime, watch for rapid fungal spread under the canopy, and improve drainage on the heavy leached soils.",National Extension Service,Maize,Tanzania,synthetic,,synthetic (CC0)
602,Damage caused by Legume Pod Borer on Cowpea,"Legume Pod Borer (Maruca vitrata), a pest of cowpea. The damage it does: Larvae destroy flowers and feed on developing seeds inside pods, a major cause of cowpea yield loss.",ICRISAT,Cowpea,Ghana,synthetic,,synthetic (CC0)
603,Identifying Legume Pod Borer on Cowpea,"Legume Pod Borer (Maruca vitrata), a pest of cowpea. How to identify it: Webbed-together flowers and pods with caterpillars feeding inside the protected webbing; bore holes and frass on pods.",ICRISAT,Cowpea,Ghana,synthetic,,synthetic (CC0)
604,Controlling Legume Pod Borer on Cowpea (Guinea savanna),"Legume Pod Borer (Maruca vitrata), a pest of cowpea. Controlling it in the Guinea savanna, with one long rainy season and moderately fertile soils: Scout at flowering, spray a selective insecticide or neem at peak flowering, and use early-maturing or PBR-resistant varieties. In the Guinea savanna, time operations to the single rains, top-dress at the onset of steady rainfall, and use the long season for a full-duration variety.",IITA,Cowpea,Mali,synthetic,,synthetic (CC0)
605,Preventing Legume Pod Borer on Cowpea (Guinea savanna),"Legume Pod Borer (Maruca vitrata), a pest of cowpea. Preventing attack in the Guinea savanna, with one long rainy season and moderately fertile soils: Synchronise planting, use resistant/early varieties, and conserve natural enemies. In the Guinea savanna, time operations to the single rains, top-dress at the onset of steady rainfall, and use the long season for a full-duration variety.",AGRA,Cowpea,Niger,synthetic,,synthetic (CC0)
606,Controlling Legume Pod Borer on Cowpea (Humid forest),"Legume Pod Borer (Maruca vitrata), a pest of cowpea. Controlling it in the humid forest zone, where heavy rainfall leaches and acidifies soils and fungal pressure is high: Scout at flowering, spray a selective insecticide or neem at peak flowering, and use early-maturing or PBR-resistant varieties. In the humid forest, correct soil acidity with lime, watch for rapid fungal spread under the canopy, and improve drainage on the heavy leached soils.",IITA,Cowpea,Ghana,synthetic,,synthetic (CC0)
607,Preventing Legume Pod Borer on Cowpea (Humid forest),"Legume Pod Borer (Maruca vitrata), a pest of cowpea. Preventing attack in the humid forest zone, where heavy rainfall leaches and acidifies soils and fungal pressure is high: Synchronise planting, use resistant/early varieties, and conserve natural enemies. In the humid forest, correct soil acidity with lime, watch for rapid fungal spread under the canopy, and improve drainage on the heavy leached soils.",CGIAR,Cowpea,Ghana,synthetic,,synthetic (CC0)
608,Controlling Legume Pod Borer on Cowpea (Sahel),"Legume Pod Borer (Maruca vitrata), a pest of cowpea. Controlling it in the hot semi-arid Sahel, where rains are short and erratic and sandy soils leach nutrients quickly: Scout at flowering, spray a selective insecticide or neem at peak flowering, and use early-maturing or PBR-resistant varieties. Because sandy Sahelian soils leach fast, split applications finely, micro-dose into the planting hole, and conserve every drop of moisture with mulch and tied ridges.",Plantwise,Cowpea,Ghana,synthetic,,synthetic (CC0)
609,Preventing Legume Pod Borer on Cowpea (Sahel),"Legume Pod Borer (Maruca vitrata), a pest of cowpea. Preventing attack in the hot semi-arid Sahel, where rains are short and erratic and sandy soils leach nutrients quickly: Synchronise planting, use resistant/early varieties, and conserve natural enemies. Because sandy Sahelian soils leach fast, split applications finely, micro-dose into the planting hole, and conserve every drop of moisture with mulch and tied ridges.",CGIAR,Cowpea,Niger,synthetic,,synthetic (CC0)
610,Damage caused by Maize Stem Borer on Maize,"Maize Stem Borer (Busseola fusca / Chilo partellus), a pest of maize. The damage it does: Tunnelling weakens stems causing dead-heart and lodging and reduces grain filling; bored cobs are exposed to rot.",FAO,Maize,Zambia,synthetic,,synthetic (CC0)
611,Identifying Maize Stem Borer on Maize,"Maize Stem Borer (Busseola fusca / Chilo partellus), a pest of maize. How to identify it: Pinhole rows and 'shot-hole' windows across young leaves, with caterpillars boring into the stem; cut stems show tunnels and frass.",National Extension Service,Maize,Zambia,synthetic,,synthetic (CC0)
612,Controlling Maize Stem Borer on Maize (Guinea savanna),"Maize Stem Borer (Busseola fusca / Chilo partellus), a pest of maize. Controlling it in the Guinea savanna, with one long rainy season and moderately fertile soils: Apply Bt or a granular insecticide into the whorl at early attack, and use push-pull intercropping with Desmodium and napier grass. In the Guinea savanna, time operations to the single rains, top-dress at the onset of steady rainfall, and use the long season for a full-duration variety.",ICRISAT,Maize,Zambia,synthetic,,synthetic (CC0)
613,Preventing Maize Stem Borer on Maize (Guinea savanna),"Maize Stem Borer (Busseola fusca / Chilo partellus), a pest of maize. Preventing attack in the Guinea savanna, with one long rainy season and moderately fertile soils: Destroy crop residue that harbours larvae, plant early, and use push-pull or resistant varieties. In the Guinea savanna, time operations to the single rains, top-dress at the onset of steady rainfall, and use the long season for a full-duration variety.",FAO,Maize,Kenya,synthetic,,synthetic (CC0)
614,Controlling Maize Stem Borer on Maize (Highlands),"Maize Stem Borer (Busseola fusca / Chilo partellus), a pest of maize. Controlling it in the cool highlands, where heavy dew and mild temperatures favour foliar fungal diseases: Apply Bt or a granular insecticide into the whorl at early attack, and use push-pull intercropping with Desmodium and napier grass. In the highlands, the long dewy nights drive foliar disease, so prioritise resistant varieties, wider spacing for airflow, and early scouting.",FAO,Maize,Ghana,synthetic,,synthetic (CC0)
615,Preventing Maize Stem Borer on Maize (Highlands),"Maize Stem Borer (Busseola fusca / Chilo partellus), a pest of maize. Preventing attack in the cool highlands, where heavy dew and mild temperatures favour foliar fungal diseases: Destroy crop residue that harbours larvae, plant early, and use push-pull or resistant varieties. In the highlands, the long dewy nights drive foliar disease, so prioritise resistant varieties, wider spacing for airflow, and early scouting.",Plantwise,Maize,Zambia,synthetic,,synthetic (CC0)
616,Controlling Maize Stem Borer on Maize (Humid forest),"Maize Stem Borer (Busseola fusca / Chilo partellus), a pest of maize. Controlling it in the humid forest zone, where heavy rainfall leaches and acidifies soils and fungal pressure is high: Apply Bt or a granular insecticide into the whorl at early attack, and use push-pull intercropping with Desmodium and napier grass. In the humid forest, correct soil acidity with lime, watch for rapid fungal spread under the canopy, and improve drainage on the heavy leached soils.",National Extension Service,Maize,Kenya,synthetic,,synthetic (CC0)
617,Preventing Maize Stem Borer on Maize (Humid forest),"Maize Stem Borer (Busseola fusca / Chilo partellus), a pest of maize. Preventing attack in the humid forest zone, where heavy rainfall leaches and acidifies soils and fungal pressure is high: Destroy crop residue that harbours larvae, plant early, and use push-pull or resistant varieties. In the humid forest, correct soil acidity with lime, watch for rapid fungal spread under the canopy, and improve drainage on the heavy leached soils.",IITA,Maize,Nigeria,synthetic,,synthetic (CC0)
618,Damage caused by Rice Stem Borer on Rice,"Rice Stem Borer (Scirpophaga / Chilo spp.), a pest of rice. The damage it does: Tunnelling kills tillers and panicles, directly cutting grain number.",Plantwise,Rice,Senegal,synthetic,,synthetic (CC0)
619,Identifying Rice Stem Borer on Rice,"Rice Stem Borer (Scirpophaga / Chilo spp.), a pest of rice. How to identify it: Dead-heart (dead central shoot) in vegetative rice and whitehead (empty white panicle) at heading; larvae tunnel inside stems.",Plantwise,Rice,Nigeria,synthetic,,synthetic (CC0)
620,Controlling Rice Stem Borer on Rice (Guinea savanna),"Rice Stem Borer (Scirpophaga / Chilo spp.), a pest of rice. Controlling it in the Guinea savanna, with one long rainy season and moderately fertile soils: Cut and destroy stubble, flood fields to kill larvae, conserve egg parasitoids (Trichogramma), and treat only at threshold. In the Guinea savanna, time operations to the single rains, top-dress at the onset of steady rainfall, and use the long season for a full-duration variety.",Plantwise,Rice,Mali,synthetic,,synthetic (CC0)
621,Preventing Rice Stem Borer on Rice (Guinea savanna),"Rice Stem Borer (Scirpophaga / Chilo spp.), a pest of rice. Preventing attack in the Guinea savanna, with one long rainy season and moderately fertile soils: Synchronise planting across the scheme, manage stubble, and avoid excess nitrogen that boosts borers. In the Guinea savanna, time operations to the single rains, top-dress at the onset of steady rainfall, and use the long season for a full-duration variety.",FAO,Rice,Nigeria,synthetic,,synthetic (CC0)
622,Controlling Rice Stem Borer on Rice (Humid forest),"Rice Stem Borer (Scirpophaga / Chilo spp.), a pest of rice. Controlling it in the humid forest zone, where heavy rainfall leaches and acidifies soils and fungal pressure is high: Cut and destroy stubble, flood fields to kill larvae, conserve egg parasitoids (Trichogramma), and treat only at threshold. In the humid forest, correct soil acidity with lime, watch for rapid fungal spread under the canopy, and improve drainage on the heavy leached soils.",National Extension Service,Rice,Madagascar,synthetic,,synthetic (CC0)
623,Preventing Rice Stem Borer on Rice (Humid forest),"Rice Stem Borer (Scirpophaga / Chilo spp.), a pest of rice. Preventing attack in the humid forest zone, where heavy rainfall leaches and acidifies soils and fungal pressure is high: Synchronise planting across the scheme, manage stubble, and avoid excess nitrogen that boosts borers. In the humid forest, correct soil acidity with lime, watch for rapid fungal spread under the canopy, and improve drainage on the heavy leached soils.",CGIAR,Rice,Mali,synthetic,,synthetic (CC0)
624,Controlling Rice Stem Borer on Rice (Irrigated lowland),"Rice Stem Borer (Scirpophaga / Chilo spp.), a pest of rice. Controlling it in irrigated lowlands, where standing water and continuous cropping raise disease and salinity risk: Cut and destroy stubble, flood fields to kill larvae, conserve egg parasitoids (Trichogramma), and treat only at threshold. Under irrigation, manage water carefully: intermittent draining cuts disease and salinity, and avoid the excess nitrogen that standing water encourages.",AGRA,Rice,Madagascar,synthetic,,synthetic (CC0)
625,Preventing Rice Stem Borer on Rice (Irrigated lowland),"Rice Stem Borer (Scirpophaga / Chilo spp.), a pest of rice. Preventing attack in irrigated lowlands, where standing water and continuous cropping raise disease and salinity risk: Synchronise planting across the scheme, manage stubble, and avoid excess nitrogen that boosts borers. Under irrigation, manage water carefully: intermittent draining cuts disease and salinity, and avoid the excess nitrogen that standing water encourages.",ICRISAT,Rice,Senegal,synthetic,,synthetic (CC0)
626,Damage caused by Sorghum Shoot Fly on Sorghum,"Sorghum Shoot Fly (Atherigona soccata), a pest of sorghum. The damage it does: Maggots cut the growing point of seedlings, killing the main shoot and forcing weak tillers; early stands are decimated.",National Extension Service,Sorghum,Mali,synthetic,,synthetic (CC0)
627,Identifying Sorghum Shoot Fly on Sorghum,"Sorghum Shoot Fly (Atherigona soccata), a pest of sorghum. How to identify it: Dead-heart in young seedlings where the central leaf dries out and pulls easily; tiny maggots and cut tissue at the base.",IITA,Sorghum,Ethiopia,synthetic,,synthetic (CC0)
628,Controlling Sorghum Shoot Fly on Sorghum (Guinea savanna),"Sorghum Shoot Fly (Atherigona soccata), a pest of sorghum. Controlling it in the Guinea savanna, with one long rainy season and moderately fertile soils: Sow early and dense to escape the peak fly period, use seed treatment, and remove dead-heart tillers. In the Guinea savanna, time operations to the single rains, top-dress at the onset of steady rainfall, and use the long season for a full-duration variety.",ICRISAT,Sorghum,Ethiopia,synthetic,,synthetic (CC0)
629,Preventing Sorghum Shoot Fly on Sorghum (Guinea savanna),"Sorghum Shoot Fly (Atherigona soccata), a pest of sorghum. Preventing attack in the Guinea savanna, with one long rainy season and moderately fertile soils: Plant early with the first rains at a high seed rate and use shoot-fly-tolerant varieties. In the Guinea savanna, time operations to the single rains, top-dress at the onset of steady rainfall, and use the long season for a full-duration variety.",National Extension Service,Sorghum,Nigeria,synthetic,,synthetic (CC0)
630,Controlling Sorghum Shoot Fly on Sorghum (Sahel),"Sorghum Shoot Fly (Atherigona soccata), a pest of sorghum. Controlling it in the hot semi-arid Sahel, where rains are short and erratic and sandy soils leach nutrients quickly: Sow early and dense to escape the peak fly period, use seed treatment, and remove dead-heart tillers. Because sandy Sahelian soils leach fast, split applications finely, micro-dose into the planting hole, and conserve every drop of moisture with mulch and tied ridges.",Plantwise,Sorghum,Ethiopia,synthetic,,synthetic (CC0)
631,Preventing Sorghum Shoot Fly on Sorghum (Sahel),"Sorghum Shoot Fly (Atherigona soccata), a pest of sorghum. Preventing attack in the hot semi-arid Sahel, where rains are short and erratic and sandy soils leach nutrients quickly: Plant early with the first rains at a high seed rate and use shoot-fly-tolerant varieties. Because sandy Sahelian soils leach fast, split applications finely, micro-dose into the planting hole, and conserve every drop of moisture with mulch and tied ridges.",Plantwise,Sorghum,Ethiopia,synthetic,,synthetic (CC0)
632,Identifying and Managing Fall Armyworm in Maize,"Spodoptera frugiperda, commonly known as fall armyworm (FAW), was first reported in Uganda in 2016 and has become a significant pest for maize farmers. A survey of 1,289 maize farmers revealed that 85% ranked FAW as their top pest problem. By 2018, over 90% of farmers had encountered FAW, with about 80% observing it in their fields. Common symptoms of FAW damage included windowing, near tunnel damage, and holes on cobs. Farmers identified various developmental stages of FAW, including eggs (10%), young larvae (78.7%), mature larvae (73.5%), and adult moths (6.7%). While insecticides were the primary control method, some farmers also utilized plant extracts, hand-picking, sand, and ash. Information on FAW was sourced from fellow farmers, radio/TV, extension agents, input dealers, print media, research, and NGOs. There is a pressing need for clear and uniform information to aid farmers in effectively managing this pest.",CGIAR,Maize,Ghana,llm_grounded,https://hdl.handle.net/10568/145318,CC-BY-4.0
633,Effective Management of Striga hermonthica in Maize Production,"Striga hermonthica, commonly known as purple witchweed, poses a significant challenge to maize production in sub-Saharan Africa, particularly in areas with poor soil conditions. A study conducted in western Kenya evaluated various management strategies for controlling S. hermonthica, including intercropping maize with legumes such as peanut, soybean, and silverleaf desmodium, as well as growing maize as a sole crop. Results indicated that maize grown in rotation with soybean yielded the highest grain output of 3,672 kg ha−1 under artificial infestation. Under natural infestation, the highest yields were observed with silverleaf desmodium and peanut cropping systems, yielding 3,203 kg ha−1 and 3,193 kg ha−1, respectively. The use of herbicide-resistant and Striga spp.-resistant maize varieties, particularly when intercropped with legumes, proved to be a more effective control method than using individual technologies. Additionally, fewer S. hermonthica plants emerged in maize grown with silverleaf desmodium, highlighting its potential in integrated pest management strategies.",CGIAR,Maize,Ghana,llm_grounded,https://hdl.handle.net/10568/92560,CC-BY-4.0
634,Effective Control of Striga hermonthica in Maize Using Herbicide Coated Seeds,"The use of small doses of imazapyr and pyrithiobac for seed coatings of imazapyr-resistant maize hybrids (IR-Maize) has proven effective in controlling Striga hermonthica. Field trials conducted in Bauchi and Kano States of Nigeria during 2014 and 2015, under heavy Striga infestation, demonstrated that herbicide-coated seeds significantly reduced the number of emerged Striga per square meter and the associated damage symptoms in farmers' fields. In Kano, herbicide-treated hybrids showed a reduction of 4.9 to 7.9 times fewer emerged Striga compared to untreated hybrids. Similarly, in Bauchi, untreated IR-maize hybrids had over four times more emerged Striga than the treated hybrids. The Striga-resistant open pollinated variety (OPV) had significantly higher Striga counts than the treated hybrids. While the herbicide seed coating effectively reduced Striga infestation, the impact on grain yields was inconsistent due to strong seasonal effects. Overall, coating IR-maize seeds with imazapyr is an effective strategy for managing Striga in maize cultivation.",CGIAR,Maize,Nigeria,llm_grounded,https://hdl.handle.net/10568/109001,CC-BY-4.0
635,Damage caused by Tomato Leafminer on Tomato,"Tomato Leafminer (Tuta absoluta), a pest of tomato. The damage it does: Larvae mine leaves, stems and fruit, destroying photosynthetic area and making fruit unmarketable; losses can be near total.",ICRISAT,Tomato,Nigeria,synthetic,,synthetic (CC0)
636,Identifying Tomato Leafminer on Tomato,"Tomato Leafminer (Tuta absoluta), a pest of tomato. How to identify it: Irregular, blotchy translucent mines in leaves and pinhole galleries in fruit, with black frass; whole leaves can be blighted.",Plantwise,Tomato,Kenya,synthetic,,synthetic (CC0)
637,Controlling Tomato Leafminer on Tomato (Guinea savanna),"Tomato Leafminer (Tuta absoluta), a pest of tomato. Controlling it in the Guinea savanna, with one long rainy season and moderately fertile soils: Use pheromone mass-trapping, release/conserve Nesidiocoris and parasitoids, rotate insecticide modes of action, and remove infested material. In the Guinea savanna, time operations to the single rains, top-dress at the onset of steady rainfall, and use the long season for a full-duration variety.",AGRA,Tomato,Nigeria,synthetic,,synthetic (CC0)
638,Preventing Tomato Leafminer on Tomato (Guinea savanna),"Tomato Leafminer (Tuta absoluta), a pest of tomato. Preventing attack in the Guinea savanna, with one long rainy season and moderately fertile soils: Raise seedlings under nets, use pheromone monitoring traps, sanitise crop debris, and rotate. In the Guinea savanna, time operations to the single rains, top-dress at the onset of steady rainfall, and use the long season for a full-duration variety.",Plantwise,Tomato,Tanzania,synthetic,,synthetic (CC0)
639,Controlling Tomato Leafminer on Tomato (Highlands),"Tomato Leafminer (Tuta absoluta), a pest of tomato. Controlling it in the cool highlands, where heavy dew and mild temperatures favour foliar fungal diseases: Use pheromone mass-trapping, release/conserve Nesidiocoris and parasitoids, rotate insecticide modes of action, and remove infested material. In the highlands, the long dewy nights drive foliar disease, so prioritise resistant varieties, wider spacing for airflow, and early scouting.",CGIAR,Tomato,Kenya,synthetic,,synthetic (CC0)
640,Preventing Tomato Leafminer on Tomato (Highlands),"Tomato Leafminer (Tuta absoluta), a pest of tomato. Preventing attack in the cool highlands, where heavy dew and mild temperatures favour foliar fungal diseases: Raise seedlings under nets, use pheromone monitoring traps, sanitise crop debris, and rotate. In the highlands, the long dewy nights drive foliar disease, so prioritise resistant varieties, wider spacing for airflow, and early scouting.",AGRA,Tomato,Kenya,synthetic,,synthetic (CC0)
641,Controlling Tomato Leafminer on Tomato (Irrigated lowland),"Tomato Leafminer (Tuta absoluta), a pest of tomato. Controlling it in irrigated lowlands, where standing water and continuous cropping raise disease and salinity risk: Use pheromone mass-trapping, release/conserve Nesidiocoris and parasitoids, rotate insecticide modes of action, and remove infested material. Under irrigation, manage water carefully: intermittent draining cuts disease and salinity, and avoid the excess nitrogen that standing water encourages.",FAO,Tomato,Egypt,synthetic,,synthetic (CC0)
642,Preventing Tomato Leafminer on Tomato (Irrigated lowland),"Tomato Leafminer (Tuta absoluta), a pest of tomato. Preventing attack in irrigated lowlands, where standing water and continuous cropping raise disease and salinity risk: Raise seedlings under nets, use pheromone monitoring traps, sanitise crop debris, and rotate. Under irrigation, manage water carefully: intermittent draining cuts disease and salinity, and avoid the excess nitrogen that standing water encourages.",CGIAR,Tomato,Tanzania,synthetic,,synthetic (CC0)
643,Impact of Weevil on Local vs Improved Plantain Varieties,"In the humid forest of Cameroon, local cultivars of plantain are significantly affected by weevil infestations, with severity levels reaching 55.0 ± 5.2%. In contrast, improved plantain hybrids exhibit much lower weevil severity, ranging from 21.0 ± 4.6% to 28.5 ± 3.2%. This disparity highlights the vulnerability of local varieties to pest damage compared to their improved counterparts. The study evaluated eight genotypes, including seven improved and one local variety, over two growing cycles. The findings indicate that the improved hybrids not only show better resistance to pests but also perform better in terms of agronomic traits, such as higher average bunch weight. These results suggest that adopting improved plantain varieties could enhance production and reduce losses due to weevil infestations, ultimately contributing to food security and income generation in the region.",CGIAR,Plantain,Cameroon,llm_grounded,https://hdl.handle.net/10568/125363,CC-BY-4.0
644,Impact of Cowpea Aphids on Crop Yield,"Cowpea aphids (Aphis craccivora Koch) are a significant pest affecting cowpea crops by causing direct damage and acting as vectors for viruses. The economic yield of cowpea is threatened by these pests, necessitating research into resistance mechanisms. A study involving 365 cowpea mini-core accessions was conducted to identify genetic loci associated with resistance to aphids from Kano, Nigeria. Accessions were inoculated with A. craccivora in controlled environments, and damage severity was evaluated after 21 days. The results showed significant phenotypic variation among accessions, indicating the influence of major genes on resistance. A genome-wide scan revealed three major genomic regions on chromosomes Vu10, Vu08, and Vu02, along with two minor regions on Vu01 and Vu06, linked to aphid resistance. Key genes identified, such as Vigun01g233100.1 and Vigun02g088900.1, are involved in stress responses and insect feeding. These findings are crucial for developing marker-assisted breeding strategies aimed at enhancing durable resistance to cowpea aphids.",CGIAR,Cowpea,Burkina Faso,llm_grounded,https://hdl.handle.net/10568/126039,CC-BY-4.0
645,Integrated Pest Management for Cowpea Production,"Cowpea is a vital grain legume that provides essential protein for rural families in Sub-Saharan Africa and nutritious fodder for livestock. However, its production is severely threatened by field and storage insect pests, which can lead to losses of up to 100%. While synthetic pesticides have been used for pest control, their negative impacts on health and the environment highlight the urgent need for integrated pest management (IPM) alternatives. Recent advancements in West Africa have focused on developing IPM strategies that include host plant resistance, biological control, biopesticides, and good cultural practices. These innovations have been tested and validated by research institutions and disseminated through farmer field schools, field demonstrations, and community education. By adopting these environmentally safer and scalable IPM options, cowpea stakeholders can minimize pest problems, reduce reliance on harmful pesticides, and ensure the sustainability of cowpea production, ultimately contributing to food security in the region.",CGIAR,Cowpea,Nigeria,llm_grounded,https://hdl.handle.net/10568/132521,CC-BY-4.0
646,Effective Control Strategies for Fall Armyworm in Maize,"The fall armyworm, Spodoptera frugiperda, has emerged as a significant pest affecting maize fields across sub-Saharan Africa. Its rapid spread necessitates effective integrated pest management strategies, which rely heavily on efficient monitoring and surveillance. Recent studies indicate that the commercially available Unitrap is the most effective trap design for capturing fall armyworm. In contrast, a homemade 2 L jar trap, while inexpensive, collected significantly fewer fall armyworms, especially during periods of low pest density. Additionally, the choice of pheromone blend is crucial; a 4-component blend consistently attracted the highest numbers of fall armyworm across various conditions. These findings underscore the importance of selecting appropriate trapping methods and pheromone lures to mitigate fall armyworm infestations in smallholder maize farms. Implementing these strategies can enhance pest management efforts and support sustainable agricultural practices.",CGIAR,Maize,Nigeria,llm_grounded,https://hdl.handle.net/10568/126208,CC-BY-4.0
647,Mitigation Strategies for Fall Armyworm in Maize Production,"This study investigates the factors influencing the adoption and effectiveness of fall armyworm (FAW) mitigation strategies among maize farmers in Burundi. FAW poses a significant threat to maize production and food security, yet there is limited understanding of what drives farmers to adopt control measures and their subsequent impact on yields. An analysis of data from 536 maize farmers across five provinces revealed that approximately 68% adopted FAW mitigation methods, primarily relying on chemical control. Socio-economic factors, access to information, credit, and extension services positively influenced both adoption and the intensity of use. Notably, farmers who adopted these strategies achieved significantly higher maize yields compared to non-adopters. The findings highlight that while FAW mitigation strategies can enhance maize yields, the reliance on chemical methods indicates a limited uptake of integrated pest management practices. Recommendations include strengthening extension services, promoting Integrated Pest Management training, improving access to credit, and enhancing rural infrastructure to support sustainable FAW control.",CGIAR,Maize,Kenya,llm_grounded,https://hdl.handle.net/10568/182915,CC-BY-4.0
648,Identifying Fall Armyworm in Maize Fields,"The fall armyworm (Spodoptera frugiperda) poses a significant threat to maize production in Africa, with outbreaks first reported in 2016. Field surveys in Benin and Mali indicate that fall armyworm eggs and neonates can be found approximately one week after maize plants emerge. However, scouting for these pests is challenging and time-consuming. Research suggests that the timing of oviposition by female fall armyworms can be predicted. By analyzing data from young maize seedlings, it was estimated that around 210 accumulated Degree Days (DD) are necessary for the early detection of neonate larvae. This information is crucial for timely pest detection and can assist farmers in implementing effective control measures. Understanding the life cycle and timing of fall armyworm can help mitigate yield losses and improve maize production outcomes.",CGIAR,Maize,Kenya,llm_grounded,https://hdl.handle.net/10568/159521,CC-BY-4.0
649,Identification of Fall Armyworm in Maize,"The fall armyworm, scientifically known as Spodoptera frugiperda, is a significant noctuid pest primarily affecting maize on the American continents. Despite being intercepted occasionally by European quarantine services, it has recently emerged as an invasive species in West and Central Africa, with outbreaks first recorded in early 2016. Genetic analysis of samples collected from maize in Nigeria and São Tome indicates the presence of at least two distinct haplotypes, suggesting that there have been multiple introductions of this pest into Africa. The emergence of the fall armyworm poses a new threat to maize crops in tropical Africa, necessitating urgent attention and management strategies to mitigate its impact on agricultural production in the region.",CGIAR,Maize,Zambia,llm_grounded,https://hdl.handle.net/10568/77731,CC-BY-4.0
650,Effective Management of Fall Armyworm in Lebanese Maize Fields,"The invasive pest, fall armyworm (FAW), Spodoptera frugiperda, poses a significant threat to irrigated summer maize production in Lebanon, impacting food security and farmers' income. A field study conducted in Qob Elias, Bekaa valley during the summer of 2024 evaluated the effectiveness of insecticides based on pheromone traps to manage FAW. Three maize fields were planted with imported cultivars, and FAW was monitored using specific pheromone traps to track pest dynamics. Foliar insecticides were applied based on trap data for timely interventions. Results indicated that FAW populations peaked between September 10 and 29, emphasizing the importance of early planting and pre-peak management. The integrated pest management (IPM) approach significantly reduced FAW damage, achieving unobservable infestation levels compared to neighboring farmers using traditional methods. This study underscores the critical role of pheromone traps in monitoring pest populations and reducing insecticide use, providing an effective and sustainable strategy for managing FAW in Lebanese maize fields. Knowledge-sharing activities with neighboring farmers promoted broader adoption of these IPM practices in collaboration with ICARDA and LARI scientists.",CGIAR,Maize,Kenya,llm_grounded,https://hdl.handle.net/10568/163102,CC-BY-SA-4.0
651,Pest Management Strategies for Smallholder Farmers in Malawi and Zambia,"Smallholder farmers in Malawi and Zambia are facing significant challenges to food security due to crop pests and diseases, particularly the fall armyworm (FAW), groundnut rosette virus (GRV), and soybean rust. Approximately 70% of farmers report FAW attacks in maize, 28% experience rosette in groundnuts, and 40% report soybean rust infestations. The impact of these pests is substantial, with yield losses of 13.5% for maize, 27.2% for groundnuts, and 25.2% for soybeans. While FAW negatively affects household income and food security, the combination of FAW with other diseases leads to a greater negative impact. Farmers employ various control strategies, including pesticides, crop rotation, and improved seeds, which have shown some effectiveness in mitigating the adverse effects of these pests. Understanding these dynamics is crucial for developing effective pest management strategies to enhance food security and farmer welfare in the region.",CGIAR,(general),Tanzania,llm_grounded,https://hdl.handle.net/10568/175116,CC-BY-4.0
652,Integrated Pest Management Strategies for Cowpea,"Cowpea is a vital source of protein for many in West Africa, but its annual yields and grain storage longevity are significantly impacted by insect pests. Key pests include pod sucking bugs such as Anoplocnemis curvipes and Clavigralla tomentosicollis, along with phloem-feeding cowpea aphids Aphis craccivora and flower thrips Megalurothrips sjostedti. Controlling these pests poses challenges, necessitating a deeper understanding of their population structure and movement. Molecular tools, including 454 pyrosequencing technology, have been employed to analyze these pests, generating substantial raw reads and assembling numerous transcripts. Functional annotation of these transcripts has revealed genes related to insecticide resistance and immunity, as well as sequences linked to the aphid endosymbiont Buchnera aphidicola. This research underscores the importance of developing integrated pest management strategies to mitigate the impact of these pests on cowpea cultivation.",CGIAR,Cowpea,Ghana,llm_grounded,https://hdl.handle.net/10568/76659,CC0-1.0
653,Integrated Pest Management for Cowpea in Semi-arid Southern Africa,"The importance of multi-dimensional priority-setting for agricultural innovations is increasing, particularly for smallholder farmers in semi-arid southern Africa. This region benefits from agricultural technologies that address multiple roles, including pest management. A promising technology identified in this context is integrated pest management for cowpea, which ranks among the top five technologies for poverty reduction. However, a study utilizing the Technique for Order Preference by Similarity to an Ideal Solution (TOPSIS) indicates that nutrition security is a more pressing concern in this area. Consequently, the top technologies with the highest multi-dimensional impact do not include cowpea but rather focus on pigeon pea, a nutritious grain legume that is more widely consumed in the region. This highlights the need for a comprehensive approach to agricultural technology assessment that considers various outcome criteria, including benefit-cost ratios, poverty reduction, and nutrition security.",CGIAR,Cowpea,Ghana,llm_grounded,https://hdl.handle.net/10568/162925,CC-BY-4.0
654,Integrated Pest and Disease Management for Tomato in Tamil Nadu,"Tomatoes are a key vegetable crop in Tamil Nadu, India, but their cultivation is challenged by biotic stress, particularly from invasive insect pests and bacterial wilt during the rainy season. Farmers often rely on calendar-based insecticide applications for pest and disease management. However, using resistant tomato hybrids grafted onto bacterial wilt-resistant eggplant rootstocks, such as EG 203, can provide significant protection. Integrated Pest and Disease Management (IPDM) practices include the use of resistant grafted seedlings, bioinoculants like Bacillus subtilis and Trichoderma asperellum, pheromone traps for pests like Phthorimaea absoluta, and microbial pesticides such as Bacillus thuringiensis. Evaluations across four locations in Tamil Nadu showed that the EG 203-grafted tomatoes combined with IPDM practices outperformed other treatments, yielding better results than traditional farmers' practices. This approach not only enhances yield but also promotes sustainable agricultural practices in tomato cultivation.",CGIAR,Tomato,Kenya,llm_grounded,https://hdl.handle.net/10568/180732,CC-BY-4.0
655,Enhancing Rice Defenses with Soil Silicon,"Soil silicon has been shown to enhance rice defenses against various biotic stresses, including planthoppers (Nilaparvata lugens and Sogatella furcifera), leafhoppers (Nephotettix virescens), blast disease (Magnaporthe grisea), and bacterial blight (Xanthomonas oryzae). Greenhouse experiments revealed that adding powdered silica gel (SiO2) to paddy soil at rates of 0.25, 1.0, and 4.0 t ha−1 significantly reduced BPH nymph settling and egg-laying, particularly in susceptible rice varieties. However, the effects were less pronounced under high nitrogen conditions. Silicon also reduced blast damage in both susceptible and resistant rice varieties. While it decreased damage from a virulent strain of bacterial blight, its impact was minimal on a less virulent strain. When combined with host resistance, silicon demonstrated an additive effect in reducing biomass losses from bacterial blight. This suggests that silicon-containing soil amendments can be effectively integrated with host resistance strategies to manage pests and diseases in rice cultivation.",CGIAR,Rice,Mali,llm_grounded,https://hdl.handle.net/10568/126649,CC-BY-4.0
656,Assessing low soil organic matter,"Diagnosing low soil organic matter. Look for pale, hard-setting soil that crusts after rain and dries fast; a simple test is poor crumb structure and low earthworm activity.",National Extension Service,(general),Ghana,synthetic,,synthetic (CC0)
657,Low soil organic matter: the problem,"Low soil organic matter in smallholder farming. Soils low in organic matter hold little water and few nutrients, crust over, and lose structure, so seedlings struggle and fertiliser is wasted.",AGRA,(general),Kenya,synthetic,,synthetic (CC0)
658,Managing low soil organic matter (Guinea savanna),"Managing low soil organic matter in the Guinea savanna, with one long rainy season and moderately fertile soils. Add compost and well-rotted manure, return crop residues, grow cover crops and green manures, and minimise burning and excessive tillage. In the Guinea savanna, time operations to the single rains, top-dress at the onset of steady rainfall, and use the long season for a full-duration variety.",ICRISAT,(general),Nigeria,synthetic,,synthetic (CC0)
659,Managing low soil organic matter (Humid forest),"Managing low soil organic matter in the humid forest zone, where heavy rainfall leaches and acidifies soils and fungal pressure is high. Add compost and well-rotted manure, return crop residues, grow cover crops and green manures, and minimise burning and excessive tillage. In the humid forest, correct soil acidity with lime, watch for rapid fungal spread under the canopy, and improve drainage on the heavy leached soils.",CGIAR,(general),Ghana,synthetic,,synthetic (CC0)
660,Managing low soil organic matter (Sahel),"Managing low soil organic matter in the hot semi-arid Sahel, where rains are short and erratic and sandy soils leach nutrients quickly. Add compost and well-rotted manure, return crop residues, grow cover crops and green manures, and minimise burning and excessive tillage. Because sandy Sahelian soils leach fast, split applications finely, micro-dose into the planting hole, and conserve every drop of moisture with mulch and tied ridges.",FAO,(general),Tanzania,synthetic,,synthetic (CC0)
661,Assessing soil acidity,Diagnosing soil acidity. Test pH with a meter or kit; below about 5.5 most cereals and legumes suffer. Watch for stunted purple-tinged plants and poor nodulation.,CGIAR,(general),Kenya,synthetic,,synthetic (CC0)
662,Soil acidity: the problem,"Soil acidity in smallholder farming. Strongly acidic soils (low pH) lock up phosphorus, free toxic aluminium and manganese, and stunt roots, so crops respond poorly to fertiliser.",ICRISAT,(general),Ghana,synthetic,,synthetic (CC0)
663,Managing soil acidity (Guinea savanna),"Managing soil acidity in the Guinea savanna, with one long rainy season and moderately fertile soils. Apply agricultural lime (or dolomitic lime where magnesium is low) several weeks before planting, build organic matter, and choose acid-tolerant varieties. In the Guinea savanna, time operations to the single rains, top-dress at the onset of steady rainfall, and use the long season for a full-duration variety.",Plantwise,(general),Mali,synthetic,,synthetic (CC0)
664,Managing soil acidity (Humid forest),"Managing soil acidity in the humid forest zone, where heavy rainfall leaches and acidifies soils and fungal pressure is high. Apply agricultural lime (or dolomitic lime where magnesium is low) several weeks before planting, build organic matter, and choose acid-tolerant varieties. In the humid forest, correct soil acidity with lime, watch for rapid fungal spread under the canopy, and improve drainage on the heavy leached soils.",IITA,(general),Tanzania,synthetic,,synthetic (CC0)
665,Managing soil acidity (Sahel),"Managing soil acidity in the hot semi-arid Sahel, where rains are short and erratic and sandy soils leach nutrients quickly. Apply agricultural lime (or dolomitic lime where magnesium is low) several weeks before planting, build organic matter, and choose acid-tolerant varieties. Because sandy Sahelian soils leach fast, split applications finely, micro-dose into the planting hole, and conserve every drop of moisture with mulch and tied ridges.",FAO,(general),Ghana,synthetic,,synthetic (CC0)
666,Assessing soil compaction,"Diagnosing soil compaction. Probe for a hard layer, watch for shallow flattened roots, water ponding, and stunted patches on trafficked ground.",FAO,(general),Kenya,synthetic,,synthetic (CC0)
667,Soil compaction: the problem,"Soil compaction in smallholder farming. A hard compacted layer (hardpan) from tillage or traffic blocks roots and water, causing waterlogging above and drought stress below.",Plantwise,(general),Kenya,synthetic,,synthetic (CC0)
668,Managing soil compaction (Guinea savanna),"Managing soil compaction in the Guinea savanna, with one long rainy season and moderately fertile soils. Break the hardpan with a ripper or deep-rooted cover crops, add organic matter, control field traffic, and avoid tilling wet soil. In the Guinea savanna, time operations to the single rains, top-dress at the onset of steady rainfall, and use the long season for a full-duration variety.",AGRA,(general),Tanzania,synthetic,,synthetic (CC0)
669,Managing soil compaction (Humid forest),"Managing soil compaction in the humid forest zone, where heavy rainfall leaches and acidifies soils and fungal pressure is high. Break the hardpan with a ripper or deep-rooted cover crops, add organic matter, control field traffic, and avoid tilling wet soil. In the humid forest, correct soil acidity with lime, watch for rapid fungal spread under the canopy, and improve drainage on the heavy leached soils.",CGIAR,(general),Tanzania,synthetic,,synthetic (CC0)
670,Managing soil compaction (Sahel),"Managing soil compaction in the hot semi-arid Sahel, where rains are short and erratic and sandy soils leach nutrients quickly. Break the hardpan with a ripper or deep-rooted cover crops, add organic matter, control field traffic, and avoid tilling wet soil. Because sandy Sahelian soils leach fast, split applications finely, micro-dose into the planting hole, and conserve every drop of moisture with mulch and tied ridges.",ICRISAT,(general),Nigeria,synthetic,,synthetic (CC0)
671,Assessing soil erosion,"Diagnosing soil erosion. Look for rills and gullies, exposed roots, fans of deposited soil downslope, and a thinning topsoil layer.",ICRISAT,(general),Ghana,synthetic,,synthetic (CC0)
672,Soil erosion: the problem,"Soil erosion in smallholder farming. Running water and wind strip the fertile topsoil from sloping, bare fields, cutting yields and silting waterways.",IITA,(general),Kenya,synthetic,,synthetic (CC0)
673,Managing soil erosion (Guinea savanna),"Managing soil erosion in the Guinea savanna, with one long rainy season and moderately fertile soils. Establish contour bunds, terraces, grass strips and cover crops, mulch the surface, and keep the soil covered through the rains. In the Guinea savanna, time operations to the single rains, top-dress at the onset of steady rainfall, and use the long season for a full-duration variety.",Plantwise,(general),Ghana,synthetic,,synthetic (CC0)
674,Managing soil erosion (Humid forest),"Managing soil erosion in the humid forest zone, where heavy rainfall leaches and acidifies soils and fungal pressure is high. Establish contour bunds, terraces, grass strips and cover crops, mulch the surface, and keep the soil covered through the rains. In the humid forest, correct soil acidity with lime, watch for rapid fungal spread under the canopy, and improve drainage on the heavy leached soils.",CGIAR,(general),Mali,synthetic,,synthetic (CC0)
675,Managing soil erosion (Sahel),"Managing soil erosion in the hot semi-arid Sahel, where rains are short and erratic and sandy soils leach nutrients quickly. Establish contour bunds, terraces, grass strips and cover crops, mulch the surface, and keep the soil covered through the rains. Because sandy Sahelian soils leach fast, split applications finely, micro-dose into the planting hole, and conserve every drop of moisture with mulch and tied ridges.",National Extension Service,(general),Ghana,synthetic,,synthetic (CC0)
676,Assessing soil salinity,"Diagnosing soil salinity. Look for white salt crusts, poor germination in patches, and leaf-margin scorch; confirm with an EC (salinity) reading.",Plantwise,(general),Kenya,synthetic,,synthetic (CC0)
677,Soil salinity: the problem,"Soil salinity in smallholder farming. Salt build-up in poorly drained or over-irrigated soils pulls water away from roots, causing scorch, stunting and patchy stands.",Plantwise,(general),Nigeria,synthetic,,synthetic (CC0)
678,Managing soil salinity (Guinea savanna),"Managing soil salinity in the Guinea savanna, with one long rainy season and moderately fertile soils. Improve drainage, leach salts with good-quality water, add gypsum on sodic soils, and grow salt-tolerant crops. In the Guinea savanna, time operations to the single rains, top-dress at the onset of steady rainfall, and use the long season for a full-duration variety.",FAO,(general),Kenya,synthetic,,synthetic (CC0)
679,Managing soil salinity (Humid forest),"Managing soil salinity in the humid forest zone, where heavy rainfall leaches and acidifies soils and fungal pressure is high. Improve drainage, leach salts with good-quality water, add gypsum on sodic soils, and grow salt-tolerant crops. In the humid forest, correct soil acidity with lime, watch for rapid fungal spread under the canopy, and improve drainage on the heavy leached soils.",IITA,(general),Tanzania,synthetic,,synthetic (CC0)
680,Managing soil salinity (Sahel),"Managing soil salinity in the hot semi-arid Sahel, where rains are short and erratic and sandy soils leach nutrients quickly. Improve drainage, leach salts with good-quality water, add gypsum on sodic soils, and grow salt-tolerant crops. Because sandy Sahelian soils leach fast, split applications finely, micro-dose into the planting hole, and conserve every drop of moisture with mulch and tied ridges.",IITA,(general),Kenya,synthetic,,synthetic (CC0)
681,Assessing waterlogging,"Diagnosing waterlogging. Look for water ponding after rain, yellowing lower leaves, shallow roots and a foul smell in the wet zone.",AGRA,(general),Mali,synthetic,,synthetic (CC0)
682,Waterlogging: the problem,"Waterlogging in smallholder farming. Standing water in flat or poorly drained fields starves roots of oxygen, yellows plants and promotes root rot.",AGRA,(general),Ghana,synthetic,,synthetic (CC0)
683,Managing waterlogging (Guinea savanna),"Managing waterlogging in the Guinea savanna, with one long rainy season and moderately fertile soils. Cut drainage channels, plant on ridges or raised beds, improve structure with organic matter, and choose tolerant crops/varieties. In the Guinea savanna, time operations to the single rains, top-dress at the onset of steady rainfall, and use the long season for a full-duration variety.",ICRISAT,(general),Tanzania,synthetic,,synthetic (CC0)
684,Managing waterlogging (Humid forest),"Managing waterlogging in the humid forest zone, where heavy rainfall leaches and acidifies soils and fungal pressure is high. Cut drainage channels, plant on ridges or raised beds, improve structure with organic matter, and choose tolerant crops/varieties. In the humid forest, correct soil acidity with lime, watch for rapid fungal spread under the canopy, and improve drainage on the heavy leached soils.",CGIAR,(general),Nigeria,synthetic,,synthetic (CC0)
685,Managing waterlogging (Sahel),"Managing waterlogging in the hot semi-arid Sahel, where rains are short and erratic and sandy soils leach nutrients quickly. Cut drainage channels, plant on ridges or raised beds, improve structure with organic matter, and choose tolerant crops/varieties. Because sandy Sahelian soils leach fast, split applications finely, micro-dose into the planting hole, and conserve every drop of moisture with mulch and tied ridges.",Plantwise,(general),Tanzania,synthetic,,synthetic (CC0)
686,Enhancing Maize Yields through Agroecological Practices in Makueni County,"Agroecology is a sustainable approach that can transform food systems in low and middle-income countries, particularly in improving soil and crop productivity. A study conducted in Makueni County, Kenya, assessed the impact of innovative agroecology practices on maize and bean crops in nutrient deficient sandy soils. The practices tested included the use of biopesticides (IPM), terracing, and organic inputs (manure). Results indicated that the combined use of biopesticides and organic inputs significantly increased maize yields compared to other practices. Specifically, maize yields rose by 109 kilograms per acre under terracing, 78 kilograms under manure, and 40 kilograms under IPM, leading to monetary gains of USD$ 50.26, 36.14, and 18.28 per acre, respectively. Additionally, bean yields also improved, with increases of 20.7 kilograms under IPM, 33.3 kilograms under manure, and 19.8 kilograms under terraces. These findings underscore the importance of agroecological practices in enhancing crop productivity and soil health.",CGIAR,Maize,Nigeria,llm_grounded,https://hdl.handle.net/10568/181461,CC-BY-4.0
687,Economic and Environmental Viability of Liming Acid Soils for Maize in Western Kenya,"Soil acidification negatively impacts crop yields, which can reduce farmers' incomes. While lime application can increase soil pH, its economic viability is crucial, particularly for smallholder farmers in sub-Saharan Africa who often face short-term decision-making challenges. Liming is a long-term investment, with benefits manifesting over several years. This study assessed the economic and environmental viability of liming acid soils for maize cultivation in Western Kenya. A meta-analysis of 26 field experiments was conducted to evaluate the effects of lime on soil pH and maize yields, alongside estimating farm profits and returns on investment over five years. The results indicated that liming consistently enhanced maize yields in soils with an initial pH between 4.0 and 5.7, regardless of fertiliser use. However, the application of lime is associated with significant greenhouse gas emissions, particularly CO2, raising questions about its overall environmental impact when crop yields increase.",CGIAR,Maize,Kenya,llm_grounded,https://hdl.handle.net/10568/111418,CC-BY-4.0
688,Addressing Soil Acidity in Sub-Saharan Africa,"Soil acidity has become a significant agricultural productivity constraint in several Sub-Saharan African countries, particularly in Tanzania. Despite the known agronomic benefits of using agricultural lime to mitigate soil acidity, its adoption among farmers remains limited. The development of value chains for agricultural lime is also underdeveloped in many acidic regions. Policymakers are exploring various strategies, such as targeted extension services, investments in lime production, and market development, to enhance lime usage. However, they face challenges due to insufficient evidence regarding farmers' valuation of lime and their demand dynamics. A study conducted in Iringa District, Tanzania, involving 600 randomly selected farm households, estimated the mean willingness to pay for lime at 4.67 US dollars per 50-kilogram bag, which aligns with market prices. Notably, the willingness to pay varies among farmers, with social exposure—specifically, the number of known lime users—being a strong predictor of demand. This highlights the importance of social networks in influencing agricultural practices.",CGIAR,(general),Mali,llm_grounded,https://hdl.handle.net/10568/179443,CC-BY-4.0
689,Addressing Soil Acidity in Ethiopia,"Soil acidity is a significant challenge for agricultural production in Ethiopia, affecting over 43% of farmland and resulting in low crop yields and production losses. Ag-lime is recognized as an effective solution for amending soil acidity. A study focusing on the ag-lime value chain in central Ethiopia reveals that both public and private ag-lime producing factories are operating below capacity, with minimal engagement from the private sector due to limited enabling environments. While farmers are generally aware of the soil acidity problem and its causes, the adoption of ag-lime among smallholders remains low. The ag-lime value chain is currently fragmented and requires improvement. Enhancing the efficiency of this value chain could help address the soil acidity challenge, reduce lime supply-demand mismatches, and promote wider adoption of ag-lime by farmers, ultimately improving crop productivity and food security in acidity-prone regions of the country.",CGIAR,(general),Mali,llm_grounded,https://hdl.handle.net/10568/138663,CC-BY-4.0
690,Liming for Soil Acidity Management in Highland Barley Production,"Soil acidity is a significant constraint for crop production in the highlands of Ethiopia. A study conducted from 2020 to 2021 on acidic Nitisols (pH < 5.5) evaluated the effects of liming at six different rates (control, 2.74, 4.11, 5.48, 6.85, and 8.22 t·ha−1). Results showed that lime application increased soil pH by 0.46–1.25 units and reduced exchangeable acidity by 2.02–3.17 units. Notably, higher lime rates (6.85–8.22 t·ha−1) significantly raised soil pH but did not proportionally increase crop yield. The optimal lime application rate of 5.45 t·ha−1 resulted in the highest barley total biomass of 19,199 kg·ha−1 and a grain yield of 4,328 kg·ha−1, which were 46% and 30% higher than the control, respectively. This rate also provided a marginal rate of return of 477% and a gross margin of 192,857.3 ETB·ha−1, indicating its economic viability for barley production.",CGIAR,(general),Mali,llm_grounded,https://hdl.handle.net/10568/155446,CC-BY-4.0
691,Addressing Soil Acidity for Wheat Production in Ethiopia,"Soil acidity is a significant constraint to crop production in Ethiopia, particularly affecting wheat-based mixed farming systems. It leads to poor soil health, inefficient fertilizer use, substantial crop yield losses, and a shortage of livestock feed. The variability of soil acidity levels across the country necessitates context-specific lime recommendations. A study identified six acid saturation models, two target pH models, and one base saturation model to develop site-specific lime requirements for acid-affected areas. Among these, the modified Kamprath model, the LiTAS model, and a target pH model were parameterized for wheat on acid soils. The lime requirements derived from these models ranged from 0-1.8 tons per hectare for the modified Kamprath model, 0-3.2 tons per hectare for the target pH model, and 0-22 tons per hectare for the LiTAS model over four growing seasons. Expert validation confirmed the effectiveness of these models in ameliorating acid soils for improved wheat production.",CGIAR,(general),Nigeria,llm_grounded,https://hdl.handle.net/10568/139364,CC-BY-4.0
692,Impact of Soil Acidity on Soybean Production in Southwestern Ethiopia,"Soil acidity, coupled with low nutrient availability, significantly constrains soybean production in southwestern Ethiopia. An experiment conducted during the 2017/18 cropping season in Mettu evaluated fifteen soybean genotypes under two soil amendment treatments: lime-treated and unlimed soils. The study utilized a split-plot design with three replications, planting four rows per plot. Results indicated that liming and genotype interactions significantly affected growth, root, nodule, and yield parameters, with the exception of hundred seed weight and root volume. Most parameters showed a significant reduction in lime-untreated soils compared to treated soils. Although some genotypes performed better in unlimed conditions, overall yield was higher in lime-treated soils, with an average yield reduction of 13.7% due to soil acidity. The highest grain yield of 1943.93 kg ha-1 was recorded from the PI567046A genotype in lime-treated soil, while the lowest yield of 510.49 kg ha-1 was from the SCS-1 genotype in unlimed soil.",CGIAR,(general),Ghana,llm_grounded,https://hdl.handle.net/10568/125421,CC-BY-4.0
693,Managing Soil Acidity for Improved Maize Production in Southwestern Oromia,"Soil acidity significantly hampers crop production in tropical regions, particularly in the highlands of Southwestern Oromia, Ethiopia, where maize is a key crop. This study assessed the impact of soil amendments and phosphorus (P) fertilization on soil properties, maize physiology, and grain yield over the 2023 and 2024 growing seasons across 14 farmers' fields. A split-plot design was employed, testing four soil amendments (control, calcitic lime, biochar, vermicompost) and four P rates (0, 15, 30, and 45 kg P ha⁻¹). Results indicated that calcitic lime and vermicompost significantly enhanced soil fertility, improved maize performance, and increased yields, with lime being particularly effective in raising soil pH and reducing acidity saturation. Yield gains ranged from 38–78% with lime and 41–66% with vermicompost compared to the control. While P fertilization boosted yields, its effectiveness diminished under high acidity conditions. Thus, addressing soil acidity is crucial for maximizing maize productivity in these regions.",CGIAR,Maize,Nigeria,llm_grounded,https://hdl.handle.net/10568/180568,CC-BY-4.0
694,Integrated Soil Fertility Management for Smallholder Agriculture,"Intensification of smallholder agriculture in sub-Saharan Africa is essential to combat rural poverty and natural resource degradation. Integrated Soil Fertility Management (ISFM) enhances crop productivity and agronomic efficiency (AE) through a combination of best practices. These practices include the use of suitable germplasm, appropriate fertilizer and organic resource application, and sound agronomic techniques. ISFM acknowledges the variability in soil fertility conditions on smallholder farms, which may have constraints beyond what fertilizers and organic inputs can address. The diverse biophysical environments affect crop productivity and AE, necessitating targeted agro-inputs and management practices. Farmers' decisions are influenced by their resource endowments and production goals. The concept of",CGIAR,(general),Nigeria,llm_grounded,https://hdl.handle.net/10568/74429,CC-BY-3.0
695,Addressing Soil Health Decline in Southern and Eastern Africa,"In Southern and Eastern Africa, input subsidy programmes focusing on inorganic fertiliser often fail to meet food security objectives due to declining soil health. This decline is attributed to years of inorganic fertiliser application without complementary soil improvement measures. Solutions to enhance soil health are well established and include practices such as fallowing, crop diversification, intercropping, crop rotations (especially with legumes), adding organic matter, liming, and applying suitable inorganic fertilisers. However, these solutions present significant socio-economic and technical challenges for farmers. A promising approach is to compensate farmers for providing soil health services, which can yield numerous private and public benefits. This concept aligns with the Payment for Environmental Services (PES) framework, supported by the global initiative CompensACTION. To implement soil health payment schemes effectively, development partners can assist by establishing pilot schemes for learning, supporting long-term soil health monitoring, helping to repurpose subsidy policies, and facilitating public-private partnerships to attract private sector investment.",CGIAR,(general),Mali,llm_grounded,https://hdl.handle.net/10568/137563,CC-BY-4.0
